Sequence,label,Z-Value
GGATCTGTCA,3,0.802467405796051
AAATGACGTC,4,-0.7134448289871216
ACCCAGTTTA,3,-1.1943963766098022
TACCAATGGG,0,-0.5061959028244019
GGACGCGTAT,0,0.4215922951698303
GTCCTCTATG,4,0.3739864230155945
AAAGAGCAAG,0,-0.5402425527572632
TGGGCAGACT,3,0.046372056007385254
GAAAGGTGCG,4,0.2221960872411728
AGCTTCGGAA,4,-0.12882322072982788
ATACCATGCT,3,-1.2346196174621582
CATGAGGTAA,3,0.061586230993270874
ATAATCCCTG,3,-0.42190366983413696
GCGGTATCTG,3,0.3643328547477722
CTCCTTGGCG,0,-0.625751793384552
TATCCCACTC,4,0.39566129446029663
CAAGACTTAT,0,-0.008643090724945068
GTGGTCCCAT,0,0.562754213809967
ACTGTTTGCA,4,-0.5554235577583313
GCCGCTACAA,4,0.07478213310241699
ACGACATCAG,4,-1.586114525794983
ACAATGAAGG,4,-0.7864253520965576
GCCACCTCGA,0,-0.051301322877407074
CCATTTTCGG,3,-0.5747378468513489
AGCACTGACT,3,-0.7359796762466431
GCTCGCCGGG,0,-0.6379868984222412
GGTCCGACAT,0,0.23636700212955475
GTAGCGATGC,3,0.6069782376289368
ACCGCGACCG,0,-1.6775563955307007
GGTGCCTTCG,0,0.5390373468399048
CGAATAAGGG,5,0.03347562253475189
TCGACACCGA,4,-0.7446413636207581
TCCGGCGTCT,3,-0.7110405564308167
CTCATAGACC,3,-0.23820769786834717
CTCTCATCTC,3,-0.687493622303009
GCTCAGAATG,4,0.21759171783924103
CATGCACCAG,4,-0.7828900814056396
CTAGGTCCTA,4,-0.48506200313568115
ATCCCACGAG,3,-1.7819641828536987
GTTGCCCATT,4,0.5026348829269409
CGAAGCGCGG,0,-0.4851837754249573
GACGGGCGTG,0,-0.03349609673023224
TTTCGTCTCC,0,-0.4749075770378113
GGGACTCTCA,0,0.36560118198394775
CGCCGAGGCT,0,-1.0532692670822144
ATAGCTCACC,3,-0.565650463104248
CCGCGCAAAT,3,-1.2621302604675293
GCGGGAGCGG,0,-0.5419570803642273
CTGACTAAGT,3,-0.7226605415344238
CAATCCGTGA,4,-0.11567440629005432
GGGCGAACAT,0,-0.3587327003479004
CCGCAGCTGG,0,-1.2334767580032349
GACCCTAAAG,3,-0.025028496980667114
ACCGCAAATA,0,-1.1434623003005981
TCGCCGGCGC,0,-0.41882556676864624
CCAAGCCCAG,0,-1.210274338722229
GCGCCAGTCC,0,0.05270402133464813
GTCGCGGGAA,0,0.365270733833313
AGTGCCGATC,0,0.31640470027923584
TAGTGTTTCT,0,-0.6075289845466614
GAGCGCACGG,3,-0.3264256715774536
AACCATTCGC,4,-0.7998225092887878
TAGCCACCAA,0,-0.4021386504173279
TAATTCGCAA,4,0.7362406849861145
GTCCCTGCGA,0,-0.06131001561880112
CGGGCACTGG,0,-0.751102089881897
GGCCCGGACA,3,0.33009403944015503
CCCATGCCCG,3,-1.068314790725708
CCCAGGACTT,0,-1.3366364240646362
TTAACAAGCC,4,0.00887925922870636
TGTTTATGTC,4,0.6560028791427612
ACCTTGGCGT,0,-1.1871453523635864
CCGAGCTCGT,0,-1.2966036796569824
GTACGGGTAA,4,0.18960146605968475
AACCTTTCTA,4,-0.5083386301994324
TCTCTACTCG,0,-0.47918224334716797
ACGGACTGCA,0,-0.7680017352104187
AATGGAGGGA,3,-0.972087562084198
TTGGGATCAA,4,-0.5287649631500244
GACTGCGACC,0,0.3250102996826172
TGACTCACGC,3,0.7337592840194702
CCAGGCAACT,0,-0.7873705625534058
CGAGCTAGCG,0,-0.03718014061450958
GGACTATCTC,0,1.1613582372665405
CGCAGGCAAT,3,-0.8683879375457764
AAGGAATTCG,0,-0.8989979028701782
TCACAAGAAT,4,-0.13253933191299438
CGGCACTTAC,4,-0.02456006407737732
CGAGAAAGAG,3,-0.07348881661891937
ACCGGACACA,0,-1.769916296005249
GGGAGCGTAA,0,0.4226839542388916
AGTTTCCCCA,4,-0.15507201850414276
AACTAACCTA,4,-0.8682990074157715
TCCCCTCCTG,0,-0.7830104827880859
GTGACCAACG,0,0.11047522723674774
CGGCCTCTAG,0,-0.7983036637306213
CGTCAGCGTT,3,-0.18932265043258667
CGTACTTGGC,0,-0.12324639409780502
CCCACGCAAA,0,-1.057396650314331
CCCCGATATC,0,-1.2706208229064941
ATCATCGCCT,4,-0.7032177448272705
GCGGTGAAGC,0,0.7337807416915894
TCTCGGGTTA,4,-0.3625127673149109
CGGATCAAGC,3,0.38509809970855713
CTAACTGCTG,3,-0.37329140305519104
AACATGGCTC,4,-0.08123619854450226
TCCAGGCTAG,0,-1.1708648204803467
CGAACGGGTC,0,0.49560248851776123
GGGCGCTACA,0,0.0750269740819931
TAAAGCGGGG,3,-0.15882770717144012
GCCGCTCTAC,0,0.1102180927991867
CGCACTGTTT,3,-0.322887659072876
CACGGGCAGA,0,-0.951797366142273
GGGTTCTTAG,0,0.6201285123825073
TGAAGGGTCG,4,-0.05784284323453903
ACGAGCGCTC,0,-0.8804939985275269
CCTACGGCGT,0,-0.8927890062332153
TGCATGGCCT,0,0.19066999852657318
AGGCGTGCTG,0,-0.968681812286377
GCAAGCGGGA,3,0.25826144218444824
ATCTCCTACT,4,-1.2453603744506836
TATCCGGCAC,4,0.21600301563739777
TTCTCCCCTG,3,-0.5036155581474304
CTCTCCGAAC,0,-0.3921167552471161
GGGCGGTACT,0,-0.19125524163246155
CCACCTTTTC,4,-0.46242237091064453
TATGAGCCTC,3,0.5053666234016418
GTACTACACA,3,0.5222926735877991
ACAACCTAGA,4,-0.852417528629303
GGCAGCGTCG,0,-0.0065398067235946655
ACGTGCACTA,3,-1.2063186168670654
CCCCAGTTAC,3,-0.8488567471504211
AGGGAAAGAG,4,-0.8192635178565979
CGGGCGGCTA,3,0.1051570475101471
CGACTGGCGA,0,0.22968997061252594
GAGCCTCAGC,0,0.32336944341659546
CACTCCACGG,4,-0.9433768391609192
CGCCCTATCC,0,-0.4444723129272461
TTGGCAGCAA,4,-0.1061515286564827
CGCGCGACCA,4,-0.4702613353729248
CTTACATCTA,4,-0.49450552463531494
GGTGTTTCGC,3,1.069138765335083
CTGCGTGTCT,0,-1.146931529045105
AGGCGAACAG,4,-1.5278874635696411
ACGTCAACGT,3,-1.5685757398605347
CATGATCGCT,4,-0.35912948846817017
GGAATCCGCC,3,1.3455352783203125
CTGATGACCT,3,-0.48791801929473877
GGCGTCTCAG,0,0.656690776348114
TCCAGCCCGC,3,-0.8477593064308167
TTACTGGGTC,5,0.703575074672699
TGCCCTGTCG,0,-0.38858431577682495
CTAATATCGG,4,-0.45226210355758667
TTGGAACCTA,3,-0.047367341816425323
CACCCCCAGT,3,-0.8954771161079407
GCACTTCTTT,3,0.5235702991485596
TTCAAAAGCA,4,-0.2782406806945801
GTCCATTTAT,3,-0.06414613872766495
GTACGTCCTT,4,-0.05928502231836319
TATCTATCCA,4,0.1360567957162857
CGTCCGTGTT,0,-0.31969326734542847
AACTCGCAAA,3,-1.046616554260254
ATGGGGAAAC,0,-0.8704645037651062
TAAAGCGGTA,3,0.33293813467025757
AACAACCGAA,3,-0.75697261095047
AGAAGATCCA,3,-0.7983583807945251
CGTTCGGATC,3,0.2678720951080322
GCTCGTCTAT,0,-0.46374744176864624
TGAGATATCG,4,0.3689483404159546
GGCGATTGCT,0,0.41105514764785767
AGTGGCTAGT,3,-0.6710080504417419
GGAATCGACA,3,1.48143470287323
CACGGCATGG,0,-1.0325374603271484
GCTGTATTAA,4,0.566139817237854
AATCGTGGCG,0,-1.1390515565872192
GCCTACGCAA,3,0.26849639415740967
ACCTTTATGA,4,-1.0443766117095947
ATCGCTGTCA,4,-0.956368088722229
TCCACGAGAA,4,-0.49533575773239136
GCCGACCTAT,0,0.08611758053302765
GTCAACCGCT,0,0.0461246520280838
CACTTCCGTG,0,-0.3792274594306946
GGACAGAACG,3,0.6214861273765564
CAAGATCGCG,3,-0.23676210641860962
TTCCCGCCGA,0,-0.7568655014038086
TGAGGCGAAG,3,0.21025411784648895
CCGTCCATTA,4,-0.5530658960342407
TAACCGCGAG,0,-0.2561102509498596
TACAGACGTC,3,-0.3816119432449341
ACTGCCCCGA,3,-1.131860613822937
CGCGGAGGAT,0,-0.7418646812438965
CCTAGATACT,3,-1.2745957374572754
TACAGAGCCG,3,-0.794254720211029
ATCACAGGGC,3,-1.1319645643234253
ATCCCCAAAC,3,-0.9373820424079895
GCTACAAATA,3,0.29770368337631226
ACACCCGTCT,3,-1.062529444694519
AGAGTCCAAC,4,0.49528878927230835
GACAAGTGCA,4,0.4207693934440613
ACCTCGGAAA,3,-1.2816089391708374
GGGGCCAGGC,0,0.7864378690719604
GCAGACCAGT,4,0.5072411894798279
CCTACACTGT,4,-1.156526803970337
AGCCAACTGG,0,-1.2380062341690063
TTACGACCCA,0,-0.7246447205543518
CATAGATGTC,4,-0.42376166582107544
GCTCTTGAGA,0,0.5514212250709534
TCTACTCTCA,4,-0.40086162090301514
CAACCTGCAG,3,-0.4951145052909851
GGACAGCTCT,3,0.5091943144798279
TAAGCAAGAG,4,-0.020709238946437836
ATCATGTACC,3,-0.6637915372848511
AGCAGCCGGT,3,-1.28922438621521
CTCGTCCGCT,3,-0.4913216233253479
CGGGTGTGGC,0,0.25287002325057983
GGACGGCTCA,0,0.19587717950344086
TTCAAATAGC,4,-0.1836649626493454
AACAGAAACC,4,-1.160473108291626
CTCAGATTTA,4,-1.0007619857788086
AGACCACTCT,0,-0.8713707327842712
ACCTGGACCG,3,-2.082167625427246
AACACGATTG,4,-1.0404804944992065
TAAGGCCCCA,3,-0.044388122856616974
CTGGACTACG,3,-0.4808066487312317
CGAACGGGTT,4,0.19986219704151154
CTAGGGCCCT,0,-0.9563411474227905
CGGGGGGAGC,0,-0.2369690239429474
GTCGACGCCC,3,0.6720284819602966
GCCAACTCGT,3,-0.014472723007202148
GGAAGGCAGC,0,0.5149502158164978
CCTGGCTAGC,0,-0.6870120763778687
CACCCTTAGA,0,-0.7759290337562561
AGATTGGTAT,4,0.08282594382762909
ACCAGGATCG,3,-1.9367872476577759
AAGAATCGGT,4,-0.8265312910079956
GAGCTAGTGG,3,0.33949601650238037
ATCTATCGGT,4,-1.3009545803070068
GGTCATAACT,4,0.5156216621398926
GTCCACCACA,4,0.14581938087940216
ACGAATTGGA,4,-0.9559575319290161
ACAAGCCCCA,3,-1.3389188051223755
GAAATCGCAC,3,1.5217342376708984
CTCCGACGAG,0,-1.7029229402542114
TTCCCTGGTT,3,-0.3152969479560852
GCCTACCGTA,3,0.20036865770816803
CTGGTAGCAG,3,-0.3779401183128357
ACAGAGCGGA,3,-0.8474648594856262
AAAAATCCCA,4,-0.4099124073982239
TGACGCTGTG,4,-0.047630198299884796
GGCACGAGTT,3,0.43411576747894287
AGGACGATCG,3,-0.8878957629203796
TTTAGAGTGC,3,-0.31802016496658325
GGGCCGCAAG,0,0.031801894307136536
GGGTGGGGTA,3,0.5193426012992859
ACTGCGTTGG,0,-1.314487099647522
CTCGGCGGCA,3,-0.7676752805709839
GTGCTTATGG,0,0.21247200667858124
GGCACAGGCT,0,0.20767848193645477
TGAGTTGCCG,4,0.6519887447357178
GGCTAGCGCG,0,0.11216561496257782
GCATCCAGAT,3,0.3777427673339844
GAGACTAGCC,0,0.6694725751876831
CTTTACCTCT,4,-0.5821166038513184
AGCGAATAAA,3,-0.5411989092826843
TTAGTGCTTC,0,0.6763929128646851
TGTGAACGTG,4,0.16746701300144196
TAGAACCATC,4,0.47603243589401245
AATGCACGAG,0,-1.0479034185409546
GCCGTAGCGA,3,0.30784159898757935
CTACGAGATG,4,-0.8576080799102783
CGGAGCTACT,0,-0.6493057012557983
AGCCGCGATA,3,-0.7667511105537415
GTGGAGAATG,3,0.4373169541358948
ATACGGGTTA,3,-0.8985739350318909
GAAAAGCCCA,4,0.68953537940979
TTCGGCTTCA,3,-0.4802406430244446
CGACTGCCGC,0,0.1046600341796875
TAACTATGGT,0,0.12166811525821686
AACCACCCCA,3,-0.953996479511261
CGTCTAACTT,4,0.01199251413345337
CGGACCATCG,3,-0.43112653493881226
GGGAGGCAGT,0,-0.15016545355319977
ACGCTGGTGA,3,-0.9042214751243591
CGTCTGCGCA,3,-0.05322655290365219
CAGCTGCGCG,3,-0.560591995716095
TAGGGTGTAC,3,0.14144419133663177
CCGCAAAGTA,4,-0.6539523601531982
AGCTTGGTAA,3,-0.28549665212631226
CGAAGGGATC,0,0.28908681869506836
ATATCCCCGT,3,-1.0921587944030762
TGTCGACGGG,3,-0.7630360126495361
CAACCATGTA,3,-0.32850030064582825
TCCTCCGGCC,0,-0.17799827456474304
CACAGCGGAG,3,-0.9419464468955994
CCAACAGCCT,3,-0.8151720762252808
GCGGGGTGTG,0,-0.11555077135562897
ACCATAACGT,4,-1.2691035270690918
GCGTTGGCCC,3,0.6236956119537354
TAGCGAGCGG,3,-0.8187715411186218
TTGTCGCGAT,3,-0.5084731578826904
GCTGATCACA,3,0.43918734788894653
TCAGAGACTT,4,0.14427931606769562
CACCGCGGAG,0,-1.0941689014434814
ATGCGCTCAT,3,-1.493890643119812
TTCGTTGCGC,0,0.31186139583587646
ACATGATACC,4,-1.2104582786560059
CTACCGAAGA,0,-0.6284617185592651
ACTCTTGTAC,3,-0.4877098798751831
ACTCGGGCAG,0,-1.672345757484436
TGGCGTGTAG,0,-0.5132775902748108
CTGCGCTTTG,3,-1.0611865520477295
ACGGTCCGAT,0,-0.7636173963546753
TCGTATTCAA,4,-0.24853521585464478
AGGACTGGCC,0,-0.2144501805305481
CGAAAGGGAA,0,0.4176914095878601
CCAAACATTC,4,0.0771353542804718
GGACTCGATC,4,1.6563630104064941
CGTTTCGACT,4,0.24270527064800262
CGACTCATAG,4,0.1252727061510086
GACTAGTACA,4,0.30412691831588745
GCCGATACCC,0,0.35009294748306274
CGTGAAGCGG,0,-0.27225461602211
GCATAGAACG,3,0.28530561923980713
ATCCTGCTTG,4,-1.0469945669174194
CATAGAGGCG,0,-0.8831612467765808
CGGGACAGAC,0,0.33511126041412354
GTATCAAAGC,3,0.42641782760620117
AGGCGATCAT,4,-1.359724760055542
GTGGACGGTC,0,1.1215784549713135
GTGCGGGCGG,3,-0.4879884719848633
AGACCATTTC,4,-0.25727349519729614
ACCGTCGGCC,3,-0.4627622961997986
CTCATGTCCC,3,-0.38912150263786316
CGAGCTGAAC,3,0.5094826817512512
TCGCCGGGAA,3,-0.3391120135784149
ACCGATGCAA,3,-0.8915265202522278
GGAACTAAAG,3,0.6391366720199585
GGGCTTGCTG,0,0.7481686472892761
TAGTTGCCGT,0,-0.13894352316856384
GACCCCGAAG,0,0.14880289137363434
GCTTAACGCC,0,0.1981424242258072
GTCTAAAAAC,3,0.29572802782058716
TCCGGACAAT,3,-0.9906187653541565
TTGCCAAGTG,0,-0.4906935691833496
AGCCTCCAGG,0,-0.7367590665817261
TGTCAACAAA,0,0.08430172502994537
CCTCTAGCAC,4,-0.26914894580841064
ATTATAGGAC,4,-0.2726183533668518
CTCTCGCCCG,4,-1.3333162069320679
ATGTCTACCA,4,-1.0601414442062378
TGTTCCACGT,4,-0.0005286335945129395
GCCAGCCGTT,3,-0.3469589650630951
ATCTCACGCG,3,-1.7099535465240479
AACCCCTACG,3,-1.1917967796325684
CGAGTTCTCG,4,0.141275092959404
CGAGATAAGT,4,0.18800990283489227
CCTCCTTTAA,4,-0.8348138928413391
TTCTTGTCGT,4,-0.36129623651504517
TTACGCCGGG,0,-0.7736430764198303
GGTTCCGGGC,0,0.8277197480201721
CGCGCCTGAG,0,-0.44386792182922363
CGCTCGTGAA,0,-0.5305947065353394
CAGATGTCCA,3,-0.16736970841884613
GGCTAGTTCG,3,0.10890425741672516
CTAGCGTCGC,0,-0.3496060371398926
AAACCCCTGT,3,-0.8540898561477661
ATAGCAACGC,4,-0.7797929048538208
GCGTCACGAG,0,-0.4030112028121948
AGTTGCCCAG,0,-1.0499639511108398
GAAATTAGCG,4,0.938707172870636
CCCCGTTGTT,4,-1.4372707605361938
ACGAACATGC,0,-0.7567756175994873
AATACAGACG,3,-0.9632207155227661
CTAGCCTTAA,4,-0.1655118465423584
ACCCGAGCCG,3,-2.1861460208892822
AGGGCGCCGC,0,-0.6177173256874084
CACCCGGCGG,0,-1.077476978302002
CACCGACCCG,3,-1.651491403579712
CCACGCCCGC,0,-1.0895724296569824
CCACGCGCCG,0,-1.1606473922729492
CCCACCGCGC,3,-0.7619784474372864
CCCACCGGCC,0,-0.6118003129959106
CCCCCGGACG,0,-1.2845474481582642
CCCGGACCCC,3,-1.4271440505981445
CCGCCCCGAG,0,-1.2339798212051392
CCGCCCGCCC,0,-0.6787005662918091
CGACGCCCCG,0,-0.8171502947807312
GACGCGGCCC,0,0.5772954821586609
GCCCCCGACA,4,0.06681706011295319
GCCGAGCCCG,3,-0.23741787672042847
GCCGCCCGCC,3,0.1831575185060501
GCCGCGCCGA,3,-0.24340620636940002
GCCGGCCCCG,3,-0.6510102152824402
GGCCGACCCA,0,-0.4532213807106018
TCCCGGCCCC,0,-1.0249464511871338
ACCCGGCGCG,0,-2.190272569656372
ACCGCCGGGA,0,-1.1433175802230835
AGCCCGAACA,3,-0.9338427186012268
ATCCCGCCCA,3,-1.5247056484222412
CACCCCGAGC,0,-0.42586326599121094
CCACGACCGG,0,-1.6692737340927124
CCACGCGGGA,0,-0.9073784947395325
CCAGCCCGGA,0,-0.5954521894454956
CCCAAGCCGC,3,-0.954369843006134
CCCAGCGCGG,0,-1.5298717021942139
CCCGGACGAC,0,-1.2670599222183228
CCGACCCCGA,3,-0.9974372982978821
CCGCCACGCG,0,-1.4694679975509644
CCGCCCGAAA,3,-0.6981001496315002
CCGCCCGGAT,3,-0.8718562722206116
CCTCGCGGCG,0,-1.174129843711853
GACGGAACCC,0,-0.007322043180465698
GCAAGCCCGC,3,0.05397346615791321
GCACGCCCCA,3,-0.1686551719903946
GCCGACCGCG,0,-0.036290377378463745
GCCGCCCGAA,3,0.0916314423084259
GCCGGCTCCC,0,-0.1304904818534851
GCCTCGCCCC,0,-0.22693897783756256
GCGACCCCAG,3,-0.1864219307899475
GCGATCGCCC,3,0.8595251441001892
GGCAACCGCG,0,0.2978948950767517
GGCGACGCCA,0,0.7667258977890015
GGGCTCCCGA,3,0.5480347871780396
TCCCGACGCG,0,-1.4137520790100098
TCCGACGCCC,3,0.09522195160388947
ACCACGCCGA,3,-1.6707175970077515
ACCCCACCCG,3,-2.0658071041107178
ACCCCGGAGA,3,-1.489214539527893
ACCGGCCCTC,3,-1.3069758415222168
ACGCACCCAG,0,-1.451524257659912
ACGGGCCTCG,3,-1.6510002613067627
AGCGACGCCC,3,-0.14161892235279083
AGCGAGCCCA,3,-0.6645426154136658
ATCCCACCGA,3,-1.6873916387557983
CCAGCCGCGC,3,-0.25332558155059814
CCCCAGCCCT,4,-1.3360421657562256
CCGAAGCGCG,0,-0.9767165780067444
CCGCAACCGA,3,-1.155202031135559
CCGCGACCAG,0,-1.8329486846923828
CCGCGCTCCA,3,-1.2932286262512207
CGCAAGCCCG,0,-0.7102348208427429
CGCCAGCGCT,3,-0.7080581784248352
CGGGAACGCG,0,-0.47805970907211304
GCCGCGAGGG,0,-0.25764861702919006
GCCGTCCCCA,0,0.366131067276001
GCTACGCGCC,0,0.17265759408473969
GCTCGCGGCG,0,-0.24788638949394226
GGCAGCGCAC,0,0.45928287506103516
GGCGAACCGA,3,0.19972865283489227
GGGCTCGCGA,0,0.7851749658584595
GGGCTGCCCG,0,0.25298404693603516
TCGACGCGGC,0,-0.46555835008621216
AACCCGCCAC,0,-1.0729893445968628
ACGGCAACCG,0,-1.5318892002105713
AGGGCAACGC,0,-0.6489906311035156
AGGGCCCAAC,3,-0.19628721475601196
ATCCCCCGCG,0,-1.5476644039154053
ATCCGAGCGG,3,-2.1176462173461914
CCAGCTCCCG,0,-0.8817459344863892
CCCACACGCC,0,-1.1250128746032715
CCCCAGCTCG,0,-1.3604686260223389
CCCCGCGAGT,3,-1.4482402801513672
CCCGCCCCAT,3,-1.0611584186553955
CCGACAACGC,0,-0.9373624324798584
CCGCGACTCG,0,-1.8287742137908936
CCGGAACCGA,0,-0.9430260062217712
CGAACCGGGC,3,0.30195730924606323
CGACCCACCC,3,0.0412493497133255
GAAGCGCCCC,3,0.7710350751876831
GCCGATCCCG,3,-0.15012140572071075
GCCGCCCAGG,3,-0.2190183699131012
GGAACCCCGC,3,0.7966210246086121
GGACCCCCGC,3,0.6400749683380127
GGCCGAACGG,0,-0.6698076725006104
AACAGCGCCC,4,-0.9073463678359985
ACCAACCCGC,3,-1.1890884637832642
ACCGATCCCG,4,-1.4302659034729004
ACGCCCCCCA,3,-1.4181973934173584
ATCGGCCCTC,3,-1.0583007335662842
CACCCGACGT,3,-1.0927445888519287
CACCCGGCTA,3,-0.5206428170204163
CCAGGCCCCC,3,-0.7558863759040833
CCAGGCCGAC,0,-0.6088772416114807
CCCGCCACGT,3,-1.0611637830734253
CCGCCCCCAT,3,-1.1411231756210327
CGCCCCCACC,3,-0.38523542881011963
CTCCGCCGCC,4,-1.1344034671783447
GAACAGCCGA,3,0.5198623538017273
GCCACCCCCG,0,-0.381286084651947
GCCAGAACGC,4,-0.4841917157173157
GCGATGCCCA,0,0.3331947326660156
GCTCCCGGCT,0,0.13008509576320648
GGAGCGCCCT,3,0.5378197431564331
GGCAACGAAC,3,1.0217697620391846
GGCGCCGCCT,0,0.4617263674736023
GGCGCGAGGG,0,0.16147483885288239
GGCGGGCAAA,3,0.16689641773700714
TACGCCCAAA,3,0.03743363916873932
TCCGCGCCAA,3,-0.527133584022522
TCGGACCGCT,0,-0.2767407298088074
TGCGCCCCGC,0,0.010734513401985168
ACAGCCCGCA,0,-0.8671382069587708
ACCAACGCCC,3,-0.8522028923034668
ACCCGAAACG,0,-2.1504805088043213
ACGCCCATGC,3,-1.1275907754898071
ACTCCGGCCG,3,-1.4610519409179688
AGCCCTCCCC,3,-0.8895362615585327
AGGGGCCCAG,0,-1.1149275302886963
CCACTCCCGC,0,-0.32535678148269653
CCAGCACCGA,3,-0.8723313212394714
CCCAAGCTCG,3,-1.218987226486206
CCCCCGAAAA,0,-1.1232011318206787
CCCGAAGGCC,3,-0.5425694584846497
CGACGGCAAA,3,-0.4476308226585388
CGGCCCACCT,3,-0.5806308388710022
CTACGCGAAG,3,-0.8445614576339722
CTGCCCCCGC,3,-0.8290795683860779
GACAGACCGG,0,-0.6708205342292786
GACGGAAGCC,0,0.17661018669605255
GAGGCACCGG,0,-0.1296815723180771
GAGGGCGGCA,0,0.5497686862945557
GCCCATGCCC,0,0.2238461822271347
GCGAATCCCC,3,0.3530656695365906
GCGCCCAAAC,3,0.30559176206588745
GCGCCCATCG,3,-0.1883304864168167
GCGGCGCCTA,0,0.24338023364543915
GCTCCCCGAC,3,0.2530980706214905
GGACCCCCGT,3,0.3699852228164673
GGGCCACGAA,0,0.14514337480068207
TCGGGCAGAC,0,-0.18317589163780212
AACGAACCCA,3,-0.9569942355155945
ACCCGGAAAG,0,-2.0580265522003174
ACGCGCGCAA,3,-1.4121671915054321
AGGCTACCCC,0,-0.4751589894294739
AGGGGCCGAA,3,-0.7295265793800354
ATCCACCGAC,3,-0.9328123331069946
ATCCGCGAAT,4,-1.4674893617630005
CACCTCCCCG,3,-0.6659604907035828
CCGGGGCCCA,0,-1.2527767419815063
CGCCGATCCG,3,-1.3734230995178223
GCCCCCCTAG,3,-0.4120873212814331
GCGACGAGAC,0,0.33666831254959106
GGCGACTCCA,3,0.6240461468696594
GGGAGACCCT,3,-0.45752662420272827
AACGACCCGG,0,-1.0761847496032715
ACCGGAACCA,0,-1.7687724828720093
ACGGCAACCA,0,-1.2598620653152466
ATCCCACCTC,3,-1.2083860635757446
ATCCCTCCCA,3,-1.3931647539138794
ATCCGGGCAC,0,-1.3357402086257935
CCTAGCCCCG,3,-1.3867398500442505
CGACAGGACG,4,-0.03606336563825607
CGAGAAGCCG,0,-0.030941195785999298
CGCCGGGAGT,0,-0.9466863870620728
GACCAGAGCG,0,0.12854744493961334
GAGAGCCCGA,3,-0.0664757490158081
GCCCACACAA,0,0.06889650225639343
GCGTGCCCAG,0,-0.5456774830818176
GCTCCGGACT,3,0.001359105110168457
GGAGAGCCCC,3,1.0031462907791138
GGCTCGCCAA,0,0.14091672003269196
TCGAACGCGC,3,0.07105660438537598
ACGAACCGGG,0,-1.3336261510849
AGCCGCAAAC,0,-0.8581210374832153
GCCAACCAAA,3,0.2038787454366684
GCCGCAGCAA,3,0.03152604401111603
GGCAACCTCG,0,0.24928854405879974
AACCCCCGGT,0,-1.3083182573318481
AGGACACCGA,0,-1.0242846012115479
AGGACCCGAA,3,-0.5538913011550903
ATCGCGCAAA,3,-1.0847188234329224
CACCCCCCGA,3,-0.898991048336029
CACGATCCGA,0,-0.514267086982727
CCCAGGAAAA,4,-1.2494616508483887
GAAAGCGCGA,4,0.4978893995285034
GAACTCGCCC,3,1.3006268739700317
GCCAAAGCGC,0,0.17167459428310394
GCCTCTCGCG,0,-0.4932410717010498
GCTACTCCCC,0,0.17158932983875275
GTCACGCCCC,0,-0.02044125646352768
TCGCCCAAAC,0,-0.15107227861881256
TGCCCCCAAC,3,0.05214257538318634
AACCCCCAGC,3,-0.9542351365089417
ACACAGCCGA,3,-1.1679646968841553
CCCACCAACA,3,-0.8510549664497375
CTCCGATCGC,0,-1.341380000114441
GACCCCCCCG,3,-0.16985441744327545
AAGCCCGCAT,0,-0.8090983033180237
ACCTACGCGC,0,-0.9901915192604065
CACAAGCCCC,3,-0.5282330513000488
CCACGGCTAG,0,-1.4151159524917603
GATCCGCGGG,3,-0.04106343537569046
GGACGACGGG,0,-0.20431175827980042
TGACCGACCC,0,0.2037120908498764
AGAGCCCTAC,3,0.042327359318733215
CACAGACCCG,0,-1.5170214176177979
CCGGGTCCGC,3,-1.1138591766357422
GACGAAACCC,0,0.4836632013320923
GCCGACCCTT,3,0.18939514458179474
GCGTCCCCCT,3,-0.19474363327026367
GCTCCGCTAG,3,-0.326773464679718
GGGACGCGTA,0,0.6014007925987244
AACCCGCGGT,3,-1.4352645874023438
ACCTCCCCAA,3,-1.4138462543487549
ACGAGGGCCC,3,-1.218578815460205
CACCACCAAA,3,-0.5088189840316772
CCAGCGGGTT,3,-0.30771154165267944
CCGCCGAATA,3,-0.8096187114715576
CCTCCCCAAA,3,-0.7454182505607605
GAGATCCGGC,0,0.8579574227333069
GGAAGGACCG,3,0.11900685727596283
TACGAGGCCC,3,0.34096938371658325
TCCCTCGGGA,0,-0.08667296171188354
AACAGACCCC,3,-1.4080250263214111
AATCCGCACG,3,-1.1636143922805786
ACCGACCTAC,3,-0.9004693627357483
CCACTCCCCG,3,-0.6430345773696899
CGCGAGAGAA,0,-0.07817284762859344
CGGCTGGGCG,3,-0.13529548048973083
GAACGGCGGT,3,-0.016563698649406433
GACGTGCGAG,3,0.4758577346801758
TCCCACGGAT,4,-0.3344407081604004
ACCGGGGCTC,0,-1.1249115467071533
ATCCCAAGCT,3,-1.5415397882461548
CCCTCCCCCT,4,-1.272744059562683
CGCGCGCCTA,3,-0.31614208221435547
GTCCCCAACG,0,-0.14668835699558258
CCAAGACCCA,3,-1.212213158607483
CCGAGAGAAG,0,-1.3585596084594727
GCGGAGAACA,3,0.4434491991996765
GGCCGCTAGT,3,-0.2205723524093628
ACCCCACCTA,3,-1.575191855430603
ACGGGGCAAA,0,-1.3308950662612915
ACGTCCCGGG,3,-1.5565167665481567
AGGCCCGCTT,0,-0.5079647302627563
CAAGGCGGGG,0,-0.45614051818847656
CCACCGCTGT,0,-1.079935073852539
CCGAGCGTCC,0,-0.7793628573417664
CCGCCCTAGT,0,-1.039278268814087
CCTCGCAAAC,3,-0.8136854767799377
CCTGGCCCCC,0,-0.8808606266975403
TCCGCAACGT,0,-0.7782861590385437
AACACCCCCG,3,-1.293735384941101
ATCCCCCCCG,3,-1.6222203969955444
CGGGAAGAAT,4,-0.0993780791759491
TAACGAGCGC,3,-0.17710989713668823
TCAACCCCCG,0,-0.4818621873855591
TCGGCTCCAA,3,-0.3280861973762512
TGCCCCTCCG,3,-0.398054838180542
CCACGTCCCG,3,-1.4183661937713623
CCCAGAGAGT,3,-1.5152699947357178
CCCCCGCATA,3,-1.0354126691818237
GATCCGGGAG,3,0.2844776511192322
GCTCGTCGCC,0,-0.19986315071582794
TCCAACCCGG,0,-0.728892982006073
AGCCGACAGT,0,-1.5912625789642334
ATCCCGTCGT,3,-1.6081103086471558
CAAGACCCCG,0,-0.29074448347091675
CCTGCGCAGA,0,-0.7628984451293945
GACAGGGGCG,0,-0.03121577948331833
TCCCGGTCCC,0,-0.9445991516113281
TGCTCGCCCT,3,-0.5613422393798828
CCGAAACAAC,3,-0.6198757886886597
CCGATCCCTT,4,-0.395163357257843
CCGGTCACGC,0,-0.18859726190567017
CGGTCCGGCA,0,-0.09451720118522644
CTCGCAGAAC,3,-0.485378623008728
AGGCGGGATA,0,-0.6701160669326782
TCCGCCGTCT,0,-0.3573288023471832
AGCCGAAACT,3,-1.4318279027938843
CACAAACCCA,0,-0.7521534562110901
CCGCGAGCAT,3,-1.4500118494033813
CGTGGCCCTG,0,-0.4637252688407898
CTCCGCAAGT,3,-1.263253927230835
GTATCGCCCG,3,-0.061212070286273956
TACGACTCCC,0,0.2951403856277466
CGTCTCCGCG,3,-0.15193331241607666
GCAAGGGGCC,0,0.4737708568572998
GCACGTCCCA,3,-0.1998450607061386
GGACGACACT,4,-0.04664354771375656
GTCCACGAAC,3,0.5755488276481628
ATGCGGAATG,3,-1.4439982175827026
CCAGGCGTCA,3,-0.6057983636856079
CCGCCCCTTC,3,-0.6212906837463379
CGGGCCAAAC,0,0.19871346652507782
GAGGCCGTCA,3,0.781079888343811
ACAACAGGCC,0,-0.8208075165748596
CCACCCCAAT,3,-0.7826420664787292
ACAACCGCCT,3,-0.9325164556503296
ACCGACACTA,4,-0.8156487941741943
AGAAACCCAC,4,0.04535958170890808
CCGACCAATC,4,-0.30790847539901733
TCAAGGCCCA,3,-0.6386048793792725
GATCCCCAAA,3,0.47443604469299316
GATCCCCAAC,3,0.624876081943512
TGGGACCGAA,3,0.3587694764137268
AACAGATCCC,4,-1.2623770236968994
CGACGATGCA,3,-0.5806401968002319
CGAGAATGTC,4,0.47953248023986816
AGAGAACGTT,3,-0.2670561373233795
TGATCCCTGT,4,0.05866706371307373
GCAAGAGAGA,4,0.045767515897750854
TGGACGAGAA,3,0.1045403927564621
CAAAGAGCGG,0,-0.9050678014755249
ATACGGAGAT,3,-1.278322696685791
AACAGAACGC,4,-1.3298968076705933
TCGAGAAATG,0,-0.7745404243469238
AACAGAGCTT,4,-1.194331407546997
CACCGATGCT,3,-1.3889235258102417
TACCGGGTTA,4,-0.3010050058364868
GGAGGAGAAG,0,0.2412387877702713
GGAAGAGAAT,3,0.31821388006210327
CGACACGATG,0,0.24673230946063995
ACGATCCCTC,3,-0.4123992919921875
TTTCCACGAC,4,-0.25679582357406616
AATCCCTGTC,3,-0.3248106837272644
TGTGCAAGAT,3,0.08929920196533203
TTATCCCACC,4,0.11134625971317291
CGGAGAACAG,4,-1.0917832851409912
ACCGAACGTC,3,-0.9487809538841248
AATGGAGAAC,4,-0.5706480145454407
GCGTGCACTG,3,-0.23060959577560425
ATGCGAGAAC,4,-1.2037092447280884
GAGAACGAGA,3,0.7614823579788208
GAAGAATTGC,4,0.7597998976707458
CACCGGAGAA,0,-1.020514965057373
CTGCAAGATT,3,-0.5004869699478149
AGAGCGAGAA,4,-0.10237932950258255
TCCAAGAATG,3,-0.3584200143814087
CGCGAGAATA,3,0.05660730600357056
ACGGGTTCAC,0,-1.1507314443588257
TGGAGAACCC,0,-0.3499419689178467
TCACAAGCCC,4,0.030724242329597473
AACTAACACC,0,-0.8875375390052795
ATCCCAACAG,3,-1.7224841117858887
CACCGAATGA,0,-1.2437002658843994
GCACGATGCC,0,-0.04868561774492264
TAGGGAGAAT,0,-0.24408084154129028
GAAGCAAGAT,0,0.5957320332527161
AGAGAACGAG,4,-0.5540909171104431
TCCCCTGTCA,3,-0.5295378565788269
AAACGGGGTT,4,-0.7305014133453369
TAGCCCCTGT,4,-0.3674345016479492
GCAAGAACCC,0,0.03670591115951538
CCTCCCCTCA,3,-0.8028640747070312
TGCGGAGATT,3,-0.18265271186828613
TGCACAAGAA,3,-0.15320594608783722
AGCAAGATTA,4,-0.35297587513923645
CGAAGAATCA,4,-0.41894257068634033
GAGATCCCAA,3,0.8256856203079224
TAGCAAGATA,4,0.228702113032341
AGCACGATGC,3,-0.714710533618927
TGGATCCCAA,3,0.43846219778060913
AACCGGGTTG,0,-1.3115038871765137
CCTCCACGAA,3,-1.048140048980713
CCGCGATGCG,0,-1.6593146324157715
GAGCGAGAAT,4,-0.06791169196367264
AACTAACAAT,4,-1.0985126495361328
ATTCCCCTGT,4,-1.1784179210662842
TCGTAGCGTA,3,-0.18104645609855652
CAACGGGTTT,4,-0.48162174224853516
ACCCGGAGAT,3,-1.9037269353866577
CGACAACCGT,3,-0.4313162565231323
GGAAGCCCCG,0,0.11982269585132599
TGAGGCGATA,3,0.6250933408737183
CCGCAGAATC,0,-0.4253624677658081
CCAAACTAAT,4,-0.38749104738235474
CGAGAAATGA,0,0.047187283635139465
CGCGCAAATT,3,-0.3679007887840271
TCCCACAGAA,3,-0.28014689683914185
GCGCGAGAAG,3,-0.5656082630157471
ATGGCGAGAA,4,-0.8300343155860901
CGCGAGAAAT,3,-0.22063420712947845
AACGAATGCG,4,-1.008148193359375
TTCCCCAATC,4,0.049304962158203125
CGACCAGAAT,4,-0.2413139045238495
ACCAACGATG,4,-0.9795400500297546
ATCCCAGAAG,4,-1.5975290536880493
CCCCACGAAT,3,-0.8284397125244141
GGAGAATCAC,4,0.9668557047843933
CCCCAACAAT,3,-1.2437857389450073
ATCCCCCTGC,0,-1.203490138053894
CCGCAAGATA,3,-0.5682107210159302
AGGGAACTCG,3,-0.9035899639129639
TAGTCCCCAA,3,-0.0755014568567276
ATCCCCTGCA,3,-1.161478042602539
TGCCAGAATT,4,0.030265316367149353
ACGGGTTGTC,0,-0.9622156620025635
GAAGAACGTC,1,1.0178760290145874
TCACGGGTCT,3,-0.6578938364982605
ATGGAGAATC,0,-0.3125641345977783
CGACCACTGT,4,-0.5930901169776917
AACAGCCCCA,3,-1.329267978668213
CGACGGGTTA,0,-0.14013369381427765
ACGTAGCGTC,3,-0.7985624670982361
TACTACACCG,4,-0.28988489508628845
GGAGAACACC,4,0.93882817029953
TCCAAGATGC,4,-0.2817423939704895
GCGACAGAAT,0,0.03934198617935181
TGAACGGAGA,3,0.41295307874679565
GAACGGGTGA,4,0.3255111575126648
CGCGCAATCA,4,-0.4714866876602173
CGAGAAGATG,4,0.23143799602985382
GAGCGATGCC,0,-0.003528699278831482
TCCCAACTGT,4,-0.8701958060264587
TGCGAGAAGG,0,-0.06229616701602936
TAACGGGAAG,0,-0.25198793411254883
GCACGGGTTA,0,0.24385108053684235
GAGCCCCCAA,3,0.3020361065864563
AGAAGAATTG,3,-0.8050963282585144
ATACAACCGA,4,-1.064785361289978
GAAGAACGAG,4,0.45636099576950073
ATACGATGCG,0,-1.5552783012390137
GAAGAGAATG,4,0.841494619846344
GTAGCGATCA,4,0.5285115242004395
CGAGAATGCA,4,0.15532122552394867
ACGCGAGAAT,3,-1.6810097694396973
CGAGAACTCA,4,-0.003841772675514221
GCACTACCGT,4,0.16937963664531708
CAAAGAACAG,1,-0.943763792514801
GAGAACGTCA,4,0.8054993152618408
CGGAGAGCTT,3,-0.6030312776565552
GGCACAGAAT,4,0.271445095539093
CAAAGAGATG,0,-0.5410488843917847
CGACACGAGA,3,0.23641256988048553
TCCAAAGAAG,3,-0.5717058181762695
GAACTAACCC,3,0.9357233643531799
ACGGAGAATT,0,-0.7814955711364746
CCCCGGAGAG,0,-1.681112289428711
GTAGCGAACG,3,0.35968220233917236
TGCAAGAGAT,0,0.023373141884803772
GGAGAACTGT,3,0.4152184724807739
CCGACGAACG,3,-1.1033064126968384
ACGGAGAGAA,4,-0.7966225743293762
CCGACACAAA,3,-0.9817217588424683
ATGCGATGCA,4,-1.547182321548462
CCAAGAACGC,3,-0.989353597164154
GCGTGCATGG,3,-0.42820602655410767
GCAAGATGTT,0,0.02359253168106079
GCCAAGAACG,3,-0.09244918078184128
ATCCCCTGTC,3,-0.8168560266494751
GCACGGAGAA,0,0.031110480427742004
GCCACGATGC,3,-0.037591539323329926
ATCCCAAGAA,3,-1.351806879043579
CCGACAGAAC,4,-0.6155034303665161
GCAAGAGAAG,3,-0.11912241578102112
CGCGGAGAAA,0,-0.5633288621902466
CGGGGAAGAA,0,-0.5205090045928955
ATCCCCACTT,3,-1.1377753019332886
ATCCCCACCA,3,-1.2234654426574707
CCCTCCCCTG,3,-1.152559518814087
AACGCCCCCA,3,-0.9179273247718811
CGGGAGAATC,3,0.35766804218292236
ATACGAGAAG,0,-1.4899353981018066
TGAGCGATGT,0,0.21017973124980927
GTAGCGACCC,3,0.6140168309211731
TCCCGAGAAG,0,-1.1663216352462769
GCGCGATGCA,0,-0.4938650131225586
TCACCGATGA,4,-0.38375067710876465
AACCGAGAAG,0,-1.608043909072876
CCAACTAACG,0,-0.7740156650543213
GAAGCCCCGA,3,0.6834141612052917
AGCACGAACG,3,-1.0224207639694214
CAAAGAGCTT,4,-0.49067384004592896
AGAGCCCCCA,3,-0.25534912943840027
GAAGCCCCAC,3,1.0043116807937622
CCACGAGAGA,3,-1.082701563835144
CCGCGAATGA,0,-1.482882022857666
CGAGAATCAG,4,-0.1705351024866104
CGACCAAGAA,3,-0.20324845612049103
ATGGGAGAAG,1,-1.4816926717758179
CGGAGAAAAT,3,-0.7937954068183899
GCAAGATCCT,4,-0.2716621160507202
GAGCGAATGC,0,-0.1297195553779602
TTCCCCAAAG,3,-0.5565833449363708
ACACCGATGC,4,-1.090583324432373
CGCCAAGAAT,3,-0.46971869468688965
CAAAGCCCCA,3,-0.614270806312561
TCCCACGATA,0,-0.013500064611434937
CCGCGCAATA,3,-0.9751747846603394
GAGAAGCCCC,3,0.5550867915153503
CCGCGAGAAC,3,-1.0530338287353516
TAGGCAAGAA,4,0.03738217055797577
TTCCCACTGA,3,-0.777596652507782
GAAGCCCCCG,3,0.5053364634513855
GCAAGATGCA,4,-0.009553998708724976
AACGGAGAGA,4,-1.1939404010772705
GGCAAGATGC,3,0.5795508027076721
ACCGAAGAGA,3,-1.1301305294036865
AACGGGTGCA,0,-1.1533926725387573
GAGCGAACAG,4,-0.4876733422279358
GCACGAACAG,4,-0.4706137776374817
GTAGCGGAGA,4,0.6823729872703552
GAAGAAATGT,4,0.4351233243942261
GGAGAACCGC,0,0.6637190580368042
CGCACACTGT,4,-0.8812636137008667
GCAAGAGTCT,4,-0.06743904203176498
CCGAGAATCA,4,-1.2365572452545166
ACGACCAATG,4,-1.0610305070877075
TTCCCAACGA,3,-0.7144526243209839
CGTATCCCAA,3,0.24273069202899933
TTCCCACGAT,4,-0.8244090676307678
TGGAAGAACG,0,0.009311184287071228
GGAGAAGAAT,1,0.8262515664100647
CCAAGAATTC,4,-0.6018853783607483
CGCGCAGAAG,3,-0.5782825350761414
TCGACAGAAG,4,-0.6115029454231262
GCCAACTAAT,0,0.11605407297611237
GCGCGCAATT,0,-0.19818346202373505
CCAAGAATAG,4,-1.2335970401763916
TATCCCAATT,4,0.14208866655826569
TATCCCCATG,3,-0.058195583522319794
AATACGGGTT,3,-0.5163439512252808
CAACGAATGC,3,-0.6750359535217285
TCGACACTGC,4,-0.5570827722549438
GCACAAGCCA,4,0.3817327618598938
CGAGAATAGT,4,-0.05543220788240433
AATCCCAATA,4,-0.43696773052215576
GAATGACGTA,3,0.29900646209716797
AACAGGAGAA,4,-1.1703561544418335
AACTAACGAG,0,-1.290040135383606
GAGAACACCG,3,0.2902491092681885
CCGAGAATGC,3,-1.160936951637268
ATCCCAAATC,3,-1.0054020881652832
GAACGTGCGG,3,0.08166897296905518
GCGTGACGTC,0,-0.11710652709007263
AATTCCCCAC,3,-0.5210041403770447
GTAGCGACTG,0,0.4348188042640686
GCAAGAGCGG,0,-0.3102196753025055
AATTCCCACG,0,-0.9174655675888062
CCCAGAACGA,3,-1.594422459602356
ACCCGATGCA,0,-1.951714038848877
CGCGCAATGT,0,-0.6518587470054626
ACCCAGAATA,3,-1.1151822805404663
ATCACGAGAA,4,-1.174852728843689
CGTAGCGTCA,3,-0.259998083114624
CGAGCGATGC,0,0.14192773401737213
ATCCCAATCA,4,-1.4021579027175903
GGGAGAAATG,4,-0.25988471508026123
TCCCGGAGAA,3,-0.86078941822052
TGCGACACCA,0,0.22562073171138763
AAATCCCCAA,3,-0.5400938987731934
AACAGAATCA,3,-1.3496891260147095
TCAGCAAGAC,4,0.08683028817176819
TCGACGATCA,4,-0.443886935710907
ACCGAGAAAT,3,-1.1508738994598389
TCGCGCAATG,0,-0.7127026915550232
GGAGAATAGA,1,0.6708030104637146
GTAATCCCAC,3,1.0265047550201416
CTAAATCCAC,0,-0.09753922373056412
TTCAATCCAC,4,-0.06827084720134735
TGTCCAATCC,4,0.04348260164260864
GGTAATCCCA,3,0.6476094722747803
AATCCACGTT,4,-0.9910361766815186
GTACAATCCC,0,0.46957671642303467
CAATCCAATC,4,0.23754777014255524
TAAATCCCAT,3,0.41578954458236694
GTAATCCCAG,3,0.5712981820106506
CCAATCAATC,0,0.3362952470779419
CCAGTCAATC,4,0.42989641427993774
CAATCAATCC,3,-0.2824752926826477
CTGTCCAATC,3,-0.15755364298820496
CAGTCCAATC,4,0.019963622093200684
TCCACAATCT,4,-0.8244571089744568
ACGACAATCA,4,-1.2902899980545044
AGTCCAATCC,4,-0.5762222409248352
CTTCCCAATC,3,-0.10599209368228912
CAGTCAATCC,4,-0.5010642409324646
TGTCAATCCC,4,0.1760392040014267
AATCCAATCC,4,-0.7748648524284363
ACCACAATCA,4,-1.492675542831421
TCCACTCAAT,4,-0.6784065365791321
AAATCCAATC,4,-0.03677760064601898
AAAATCCCTA,3,0.06167149543762207
AAAATCCCAA,3,-0.09154531359672546
CAATCCAGAA,4,-0.08317185938358307
AATCCAATCG,4,-1.1730104684829712
CGACAAATCA,4,-0.06439920514822006
TCGACAATCT,4,-0.6720184087753296
AATGTCCCAC,4,0.020580977201461792
CGACACAATA,0,0.3762761354446411
TCCCAAATCT,3,-0.7345860004425049
GTTCAATCCC,3,0.31325119733810425
CTGTCAATCC,4,-0.6710507273674011
AAATCACGAC,4,-0.6187188029289246
CCCTAAATCA,3,-1.0074681043624878
CCGTACAATC,4,-0.19635997712612152
CCACAAATCA,4,-0.6299156546592712
CCTGTCAATC,4,0.29844117164611816
TTCCAATCCC,4,-0.32964038848876953
AGTGTCCACG,4,-0.15044817328453064
AGTAATCCCA,3,-0.3449198007583618
CAGTCAATGC,3,-0.5403770208358765
CCTGTCCAAT,4,-0.2762080430984497
AATCAATGGG,1,-0.9884825348854065
CCCACAATGT,3,-1.2964361906051636
TTCCCAATCG,4,-0.8527839183807373
CGTTCCCAAT,4,-0.2643941044807434
CCCACAATAA,0,-1.101198434829712
TCCCATAATC,3,-0.05174500495195389
CCACAATCCC,4,-0.5588757395744324
CCACAGTGGG,0,-0.8575933575630188
CTTCCAATCC,0,-0.6103336215019226
CCCAATCTGA,3,-0.9401811361312866
CGTTCCAATC,4,0.3001384735107422
GGTTCCCAAT,0,0.4730421304702759
GGAATCCCAG,0,0.8997136950492859
GGAATCAATC,3,1.641956090927124
CCTTCCAATC,4,-0.2401677668094635
TCCACCCTTT,0,-0.46350187063217163
CCACAATCGG,3,-0.9809362292289734
AATCACAATA,4,-0.26001158356666565
GTTCACCCTA,3,0.5030229687690735
ACGACAAATC,4,-0.8763644695281982
CTTCAATCCC,3,-0.4670506715774536
CAATGCCTGT,4,-0.7623569369316101
ACCACAAATC,0,-1.0848650932312012
ACGACAATGA,4,-1.3367658853530884
AATGTCCCTA,3,0.007104024291038513
CCACTTCCAC,4,-0.22045795619487762
AATGCAATCC,0,-0.5444586277008057
CCGAGTCAAT,3,-1.2081626653671265
CCACACAATA,4,-0.2001684308052063
ACCACAATGA,4,-1.5253421068191528
GGCAATCCAC,3,0.6697341203689575
AATGTCCACA,4,-0.12354572117328644
TGACCACGTA,0,0.14074818789958954
AATCAGAACC,3,-0.4651942253112793
TCCCAAGTGA,3,-0.5471530556678772
ACCCACATTC,3,-0.8562739491462708
AATCTCCCAT,4,-0.500514805316925
TAATCTCCAC,4,0.19135840237140656
CCCCACATTC,3,-0.5126402974128723
ACCCTAATCT,3,-1.375496745109558
GGCAATCAAT,4,0.40641093254089355
TTCACCACAA,4,-0.25454968214035034
TTCAATCCCA,3,-0.29734355211257935
TCCACAGTGA,4,-0.630652666091919
CTGACAATCC,3,-0.6332685947418213
TAACCAATCC,4,0.05578453838825226
AGTAATCCAC,5,-0.10724176466464996
CTGAATCCCA,3,-0.5516448020935059
CCTGACAATC,3,0.06784650683403015
TGTACCCACT,0,0.024158790707588196
TTCAATCCGA,3,-0.3443279564380646
TAAAATCCCT,4,0.0422171950340271
TTCAATCGAC,4,-0.07787565141916275
CAATCCTGTC,0,0.16719429194927216
TCCACCACTT,4,-0.37118619680404663
AATGACGACA,3,-0.13999207317829132
AGTACCCTGA,4,-0.5346513390541077
CCATTCCCAC,4,-0.0781884640455246
AATGCAATCG,4,-0.9487220048904419
TCCACTAATG,4,-0.5047290921211243
ATGACCCTAA,4,-0.9791220426559448
CAATGAGTCC,4,-0.427489697933197
AATGAGTCCC,3,-0.33353638648986816
CTAACCAATC,4,0.09336061775684357
CCCACAATGC,3,-1.0325236320495605
AACAATCCGA,3,-0.8999161124229431
CAATGAATCC,4,-0.5272800922393799
CCCACATTCC,3,-1.0330110788345337
CCACGGTGTT,4,-1.0220011472702026
GTGAATCGAC,4,0.5644993782043457
AATCAATCAA,3,-0.6949360966682434
CAATGCCTGA,4,-0.6325084567070007
CGACATTCCC,3,0.13822008669376373
TACCCTAATC,0,0.08236241340637207
AAATGCGACA,3,-0.5568146109580994
AGTACCCAAT,3,-0.5080046057701111
CTTTCCCACC,0,-0.3661743998527527
CCCAAAATCA,3,-0.928035318851471
CCACAAAATG,3,-0.6188783049583435
AGTTCCACGG,4,-0.7751391530036926
CCCACAATCC,3,-0.9965094923973083
CTGAAATCCC,4,-0.4726518988609314
GTACCCTGTG,3,0.39312201738357544
CCCTAAAATG,4,-1.0054728984832764
GAATCAATGG,4,0.19868342578411102
GAATCCAGAA,4,0.8648428320884705
TGACCCTAAA,3,0.35269975662231445
TCCACAATGT,4,-0.8097285032272339
ACCACAAATG,0,-1.4873594045639038
CCCCAATCTT,3,-1.0908687114715576
TCCCAATCTT,3,-0.5944817662239075
GTGAATCCGA,4,0.21595783531665802
AATCCAGTCC,4,-0.690431535243988
GTATCCCTGT,3,0.20236189663410187
GCAGAATCGG,4,0.1431422382593155
CCTGACCAAT,4,-0.5022343993186951
AAATCCAATA,4,-0.1991245150566101
TCCGATAATC,4,0.17659245431423187
TGACAATCGG,4,-0.0936804711818695
CCACCATTCC,4,-0.7553956508636475
CCCTTTCCAC,3,-0.6086283326148987
AATCCAATAA,3,-0.8802798390388489
AAAGTCCCTA,4,0.1548946052789688
CAATCTGTCC,4,-0.08202707022428513
AATCGAATGG,3,-1.4778287410736084
GTTAATCCCA,4,0.37221014499664307
CCCTAATGAA,4,-0.99374920129776
AAAGTCCACA,4,0.030552014708518982
TCCACAATCC,4,-0.5196612477302551
CGAATCCACA,3,0.43874937295913696
TCCAATCCAC,4,-0.2122012972831726
CCCACAATCT,0,-1.2994744777679443
CCACACTCAG,4,-0.7188893556594849
GAATCACCTA,4,0.5348741412162781
GATCCACAGA,3,0.12335114181041718
TCACTCCACA,4,0.16626553237438202
CCATCACATG,4,-0.9010272026062012
CCCACAGTCA,3,-1.065138816833496
GACCATCACA,4,0.2815011143684387
CGTCAATCAG,4,-0.5139995813369751
CCACTACACT,4,-0.7063412070274353
AGATCCACTG,4,-0.2820609211921692
CTACATCACA,4,-0.4011958837509155
AGACATCCAC,0,-0.0880536139011383
TCCACAGTCG,3,-0.8326725959777832
TACATCCATC,4,0.5466561317443848
AATCCCACAG,0,-0.9768996834754944
ATCCCAAAGA,3,-1.4331135749816895
GTCACGATCT,3,-0.16912660002708435
CAGGTCCACA,3,0.09960556030273438
CGTCAATCAA,3,-0.2310979962348938
ATCGACACAT,3,-0.8931876420974731
CGACACTAAG,4,-0.08398400992155075
ATCATCCAAA,3,-0.6587119698524475
ATCAATGCGA,3,-0.9102292656898499
ATCCACAAAG,3,-1.21397066116333
TATCGATCAC,4,-0.32029783725738525
CAATCGACAA,3,-0.3268924355506897
GACTGCACAT,4,-0.13037043809890747
AGAATCCACA,4,0.18457670509815216
ATCATCACGA,4,-0.7274414896965027
GAAATCCACA,3,1.1223877668380737
GAGTCACGAA,4,0.2077285796403885
TGTCCACGAT,4,-0.3097512722015381
ACAATCGCAG,3,-0.5638837814331055
AGATCCAATG,3,-0.1918097734451294
CCCACAACAT,4,-1.2708183526992798
ATCACAAGGA,4,-1.3465657234191895
TCATATCACC,4,0.0607597678899765
CCACATCTAC,4,-0.44411712884902954
CAATCAGGGA,3,-0.3598962724208832
CCAAATCACT,4,-0.5954605937004089
CTGATCCCAT,4,-0.3681851923465729
CATCACACAG,3,-0.48444563150405884
CTGTCCACAT,4,-0.692817211151123
GACACATCTC,3,0.4123084545135498
CTCTCACAAA,3,-1.0151735544204712
TATCCTACAC,3,0.13238926231861115
GAATCCATGC,4,0.8316397666931152
CTCCACTAAA,4,-0.5971618294715881
TCACCTCAAT,3,-0.4298357367515564
AACATCCATC,4,-0.16361495852470398
AATCTGCACA,4,-0.490692675113678
CCACATTCCC,3,-0.4267290234565735
CTCCCAATAA,3,-1.0045291185379028
CATCACAGAA,4,-0.140541210770607
CCATCGAATG,0,-0.6904539465904236
GACTGTCCAC,0,-0.0004977434873580933
TGATCCACCA,4,0.3246069550514221
AACATCACGA,4,-0.5126813650131226
ATACACAACC,4,-0.4421577453613281
GCAATCACCA,3,0.8658799529075623
ATTCCCCACA,4,-0.9530487060546875
CCCATCACAG,0,-0.7717547416687012
GAATCCACGA,4,0.6516810655593872
AGATCACGAG,3,-0.795527458190918
CGACACTCAC,0,0.3031765818595886
GCTTCACCAC,4,0.05958285927772522
GTCCACGGTA,3,0.5487640500068665
CTGTATCCAC,4,-0.3940069079399109
CCAACTCACA,0,-0.6519831418991089
AGTCCACACA,3,-0.8043238520622253
TATCTCAACC,3,0.6306843161582947
CTGTCCTCAC,4,-0.4043188691139221
GCCTAATCAG,3,-0.3717835545539856
ATCACTGACG,4,-1.265100359916687
AGAAAATCCC,3,-0.1440919041633606
AGTCCCACAA,4,-0.4867933392524719
AGGACGACAT,4,-0.7961215972900391
CCGTCACTTC,3,-0.7824023365974426
CGTCTCATCA,3,0.2116679698228836
CCCCAGTCAT,3,-1.1682929992675781
CCACAAGATC,3,-0.14374198019504547
TAGGTCCACT,4,0.3205364942550659
GCTCCACAGA,0,-0.18230217695236206
AATAACCCAC,4,-0.3318294882774353
AACCAATCAG,4,-1.265445351600647
ATCGGTCATC,4,-1.0285390615463257
GATCACTGAC,4,0.8227480053901672
TCACATCAAG,4,-0.3286038637161255
TCGACAGAGA,4,-0.4229164719581604
CCACAAGACT,4,-0.6736809611320496
TCAATCAAGG,4,0.16223590075969696
ATTCCATCCA,4,-1.1683320999145508
GACATCGACA,4,0.9242164492607117
CCACAAACCT,3,-0.842827320098877
TGGTCAACCA,4,-0.22633187472820282
GGGAACATCA,3,0.682417094707489
CACCAGTCAC,4,-0.48447859287261963
AATCGCATGA,4,-1.0270206928253174
AACCACCTTC,4,-0.540949285030365
ATCTAATCCC,4,-1.037268042564392
GGCATACACA,4,0.5505183339118958
CGAATCCACG,3,0.18347583711147308
ATCTCAGATC,4,-0.8366521596908569
ATCACAACAA,4,-1.2936878204345703
TCGACTACAA,4,-0.3304339349269867
ATCCTACAGA,4,-1.096969723701477
TATCATCGAC,3,0.22231774032115936
ACCAATGACC,0,-0.8344863057136536
TAGGACACTC,4,0.6383103132247925
ACACTCAGAC,4,-0.34663283824920654
CAAGACTCAC,3,0.32593005895614624
GTCAAATCGG,4,-0.2193116843700409
CATCTCACGA,3,-0.057793669402599335
GACCACTCAC,4,0.5777766704559326
AAGGACACTC,4,-0.09058922529220581
AAGCCAATGG,0,-1.3348468542099
CCTACAACTA,4,-0.6803950071334839
CTGAATCCTC,4,-0.18153607845306396
AATCAGTCCA,0,-0.71579909324646
TCTCTCATCA,3,0.14008395373821259
CGACAATCGG,3,-0.41763055324554443
CCAATACTAG,4,-0.656364381313324
CAAAATCACA,4,-0.08844082057476044
GAATCCAGAG,4,0.5955106616020203
GACATCCATC,0,1.0216783285140991
AAAATCCATC,4,0.26533567905426025
AATCATCGGA,4,-0.7192212343215942
ATATCCTCAG,3,-0.9645768404006958
GACTAGATCA,3,0.3046809434890747
CTCACAGGTC,3,-0.46341240406036377
ACCAATGCTC,4,-0.6598056554794312
AGCTGACTCA,0,-1.3417444229125977
CATAGTCTCC,0,-0.612798273563385
CTCACCCTTA,0,-0.5920568108558655
TCAATTCACC,4,0.3339311480522156
TGATCCTCAA,4,0.37113553285598755
TCCGAATGAG,0,-0.5839707851409912
CCCTACAGAA,3,-0.7415086627006531
AAAGAACCCT,4,-0.7162907123565674
TGACCCTCCA,3,0.25106900930404663
AGAAAGTCCC,3,-0.018794789910316467
AAGAACCCAA,3,-0.6009571552276611
AGAGCCGAGT,4,-0.12554481625556946
GTCCCAAGAG,3,-0.38925501704216003
AAGACCACCT,4,-0.8694836497306824
CAAGAGATCC,3,0.1814294308423996
CCAGAGGAAA,0,-0.08248323947191238
TCCGAAGACA,3,-0.20140933990478516
CCGAAGAGTA,0,-0.39074862003326416
ACGACCTGAA,3,-1.0244754552841187
GAAGATTCCC,3,1.043867826461792
AAAACCAGAC,4,-0.2137146145105362
AGAAACAACC,4,0.1793566793203354
CGAGAGACGT,0,-0.0393085777759552
AAAAAGAACC,3,-0.18058013916015625
CCATCCTGAG,0,-0.7600793242454529
GAAACCTGAC,4,1.0341331958770752
ATCGAGACCT,4,-1.1240456104278564
CCGATGACAA,3,-0.42756539583206177
CCGAGAGTAA,4,-1.0895353555679321
CAAGAATACC,3,0.07297159731388092
TCCCGTGAAA,4,-0.7106516361236572
ACGAAAGATC,4,-0.5409145951271057
GAGAGTCCCA,3,0.0017375051975250244
TGACCGTCCA,4,0.040412262082099915
ACTCCCAGAT,3,-1.1686292886734009
ACCCATGATC,3,-0.793953537940979
GATCTAGACC,4,0.9162350296974182
GAACCGAGAT,0,0.501798152923584
AGACCCTGAA,3,-0.28107547760009766
ATCAGACCCA,4,-1.7669824361801147
AAAGTCCCGT,3,-0.27497100830078125
ACACCCAATA,4,-0.7431224584579468
ATAAACCCAA,4,-0.6126054525375366
AACCAAGGAA,0,-0.8599092364311218
AGAGTCTCCC,3,0.4447253942489624
GAAGTCCGAA,4,1.2526212930679321
TCCCTGAGCA,3,-0.25070860981941223
TCCGATCAAG,4,-0.47507137060165405
AGAACCCTGA,3,-0.3562343716621399
TCCCTGAATC,3,0.08279432356357574
AATCCGTGAC,0,-0.6667382717132568
AGAGGAACGA,1,-1.0003662109375
ACGATGACGA,4,-0.8991487622261047
CTAGAGATCC,3,0.010361388325691223
GACAATTCCC,3,0.5414003133773804
GAGATACGGA,3,0.46888285875320435
AAGTCCAAGC,4,-0.5174912810325623
ACCGAATGAA,3,-1.154367446899414
ACAACCCATA,4,-0.7262132167816162
AAGACCTAAC,4,-0.4270986318588257
AGACAACCAC,4,-0.3033626079559326
AGAAGGCCAT,3,-0.8286426663398743
AACAAGAACC,3,-0.6219589710235596
CTCGAGAACA,4,-0.5047968626022339
TCCCCAGTAA,4,-0.6284471750259399
ACCAAAGGAG,3,-1.4408601522445679
GACCTCAGAA,3,0.727115273475647
GGACAAAGAC,4,0.9730104804039001
AGAGAAGCCA,3,-0.10033056139945984
CACCAGAAAG,0,-0.8252130150794983
CCACAAAGTC,4,-0.2342662364244461
CCAAGGATAA,0,-0.8409377932548523
ATACACCCAG,0,-1.031939148902893
GAAGGATCGA,4,0.13427792489528656
AATCGAAAAG,4,-1.3863664865493774
AGACACCAAC,4,-0.014118477702140808
GAGCCTGAAA,4,0.5120778679847717
GATGAGGCCA,4,0.8383936882019043
TAACCCAAGA,4,0.20246748626232147
AGACAAGACC,3,-0.09069497138261795
AAGCACCAGA,3,-0.7408640384674072
GAGAAGAACC,4,0.8055278062820435
AAGCGAAAGA,3,-1.3266242742538452
CCAACAAAGA,4,-0.7116033434867859
AGACCCTGAC,3,-0.11996778845787048
ACCAAAGAGG,4,-1.4589860439300537
GGAGAAACCA,0,0.6868394017219543
AGAATGACGC,3,0.1104392260313034
CGATGAAGAC,4,-0.1865534782409668
AAAGAACTCG,4,-0.770082950592041
CTGAGGACGA,0,-1.1177963018417358
CGAATCTGGA,3,0.4650147557258606
ACCATAACCA,3,-1.105952262878418
TCTCTCAACC,3,0.32943928241729736
AGAACGAAAG,4,-0.5605001449584961
AGACCAAGAC,3,-0.338761568069458
CCCAGTAGAG,3,-1.4409517049789429
CTAAGACGAA,4,-0.9109741449356079
AGAGAGAGCC,3,0.26144611835479736
GAGATCGCAT,3,0.9166699051856995
AGTAAATCCC,4,-0.30168914794921875
TGATGCCGAC,0,0.18735738098621368
AGACCAGAAC,4,-0.22703367471694946
GCGATGAGAA,4,0.6326082944869995
AATCCAGGAA,3,-0.7842414975166321
CCTCATGAAC,4,-0.27987271547317505
CCGAGATATG,3,-1.2881152629852295
AAAACAGCCA,4,-0.6155057549476624
CTCCTCAGTC,0,-0.014987528324127197
GAACACCTCA,0,0.7260910868644714
AGGGACCAGA,3,-0.40223079919815063
AGACGGATCA,3,-0.7636694312095642
AGCAGATCGA,4,-1.2874656915664673
AGAACCCAAG,3,-0.4973284602165222
ATCACCTCCA,3,-1.0866501331329346
GTCGGAAAGA,4,-0.26035040616989136
CCACTAAAAG,4,-0.6400881409645081
CCTGGAAAAA,0,-0.9262033700942993
GACTAGATCC,0,0.4439734220504761
AGACTGGCCA,0,0.02894975244998932
AGAAGTCCCA,3,-0.6581165194511414
GATCTCCAGA,4,0.746303379535675
ATCAACAACC,4,-0.6972827911376953
CCAGAGCTGA,3,-0.5059455633163452
GAAGTGAGCC,4,1.4348206520080566
CCAAATGGAG,3,-0.46633976697921753
AACGAAGAAG,0,-0.8975659012794495
TCCAAACCTA,4,-0.40161293745040894
TACATCCGAG,4,-0.03707703948020935
AGTCCCAGCA,3,-0.4408581852912903
TCCACCTGGA,0,-0.45574337244033813
TCTCGTCGAA,3,-0.6834503412246704
AGACGAAAAA,4,-0.7675861716270447
CATCGAGATC,3,-0.3893391191959381
GGCCCCCCCC,3,0.26074105501174927
CCGGGGGGGG,0,-1.2094615697860718
GCCCCCCCGG,3,-0.6045254468917847
GGGGGGGCCC,3,0.5129801034927368
GGAGGGGGGG,5,0.39504438638687134
GGGGGGGGCG,0,0.2610999345779419
GGCCCCCCGG,3,-0.22572416067123413
GGGCGGGGGG,0,-0.15525580942630768
GGGCCCCCCG,3,-0.03231378644704819
GGGTTGGGCC,0,1.1432539224624634
GGGGGGGTAC,0,0.6361112594604492
GGGATGGGGG,3,0.7322267293930054
GCCCCCGCCC,3,0.1207868903875351
GGGAAGGGGG,0,0.5016251802444458
CGGGGGGGAA,0,-0.23786292970180511
CGGCCCCCGG,0,-0.8949833512306213
CGCCCCCCGC,3,-0.6103048324584961
CCCGCCGCCC,0,-0.6008360385894775
GGGGCCTGGG,3,0.3871403932571411
CGCCCCGCCC,3,-0.27373239398002625
CGCCCGCCCC,4,-0.6803567409515381
GGGAGGGGGC,3,0.389507532119751
GGCCCCCGGC,3,0.22221361100673676
GCCCCCCGCG,3,-0.42685872316360474
GGTTGGGCCC,3,0.4810168147087097
CCGCCCGGGG,0,-1.0983269214630127
AATAGGGGGG,0,-1.137308955192566
GGGGGGGCGC,0,0.36594122648239136
GGGCGCCCCC,3,0.008686676621437073
GTCCCCCCCC,3,0.01774880290031433
GGCGGGGGGC,3,0.3322502374649048
GCGGGGGGGC,0,0.10920698940753937
GGGCCCGCCC,0,0.6239312887191772
GGCCCGGCCC,0,0.36947834491729736
CCCGCGGGGG,3,-1.132440447807312
GGGGCCCGCC,0,0.7536832094192505
AGGCGGGGGG,0,-1.288344383239746
GGGGGAGTGG,0,-0.21214702725410461
CCGCCGGGGG,0,-1.1976057291030884
GGGCCCCGGC,3,0.33646994829177856
CGGCCCCGCC,0,-0.3267202079296112
GGGGCGGGCC,0,0.9715219140052795
GCGGGGGGCC,0,0.2809414863586426
GGGGGCCGCC,0,0.40077364444732666
GGGCCCGGCC,0,0.7398423552513123
CGGCGCCCCC,0,-0.7472158670425415
GGGCGGCCCC,0,-0.07351505011320114
CGCCGGCCCC,3,-0.9924096465110779
CGGCCGCCCC,0,-0.5476434826850891
CCCCCCGCGA,3,-1.0453261137008667
TTAGGGGCCG,0,-0.3426413834095001
GTCTAGGGGG,3,0.04233524203300476
GGGCGGGGCC,0,0.3674679398536682
GGGGGCGGAA,0,0.5602543950080872
GGGCGGGGTC,0,0.5290682315826416
CGGGGGGCTG,0,-0.4537007808685303
GGCCCGCCCG,0,-0.2755252718925476
GCGGGGGGAA,0,0.15237931907176971
GGTCCCCCCC,3,0.5096675753593445
AAGGGGGGTC,0,-0.35419970750808716
CGGGGGTCGG,0,-0.9266147017478943
CCCGCCGCCG,4,-1.0179665088653564
TAGGGGGCCT,0,-0.2674582004547119
GGGGGGAGCC,0,0.5383870005607605
CTGGGGGCGG,3,-1.1292954683303833
CCCGCCGGGC,3,-0.6349756121635437
CGGCCCCGGC,0,-0.44300198554992676
GGGATGGGGC,0,1.1096282005310059
GGAGCCCCCC,4,0.9807187914848328
TTGGCGGGCG,0,-0.17942559719085693
CGCCCCGGGC,0,-0.30911797285079956
TAGGGAGGGG,0,-0.48821568489074707
GGCGGGGGCG,0,0.11758320033550262
GCGCCCCGGG,3,-0.3834760785102844
GGATCGGGGG,0,0.6064998507499695
CTAGGGGGGC,0,-0.3889002799987793
CCGCCCGGGC,3,-0.7111480236053467
CGGCCCGGCC,0,-0.05402994155883789
GAGGGCGGGG,0,0.12897787988185883
GGCGGGGGAG,3,0.0891689658164978
GCGGCCCGGG,0,-0.10725435614585876
CCGCCGGGCC,0,-0.7247114777565002
CGCCCCCGGA,3,-0.6851264238357544
GGGGCCCGCG,0,0.37263643741607666
TGGGCCCGGG,0,-0.15411944687366486
GCCCCGGCGG,3,-0.5108170509338379
GGGGGCGCCG,3,0.12670506536960602
GCCGCCGGGG,0,-0.056941255927085876
GAGCGGGGGG,0,-0.1257672756910324
GGGGGCTCGT,3,-0.0075448304414749146
GGTCGGGGGA,0,0.21975277364253998
GGCGGGGCCG,3,-0.05795479565858841
CGGGCGGGGC,0,0.011730968952178955
GCCCGCGGGG,0,-0.6358239650726318
GGCCCGCGGG,0,-0.22313755750656128
AGCCCCCCGG,3,-1.3446972370147705
GCCCCCGCGC,3,0.028481706976890564
CGGCCCGGGC,3,-0.18055950105190277
GCGGCGTTGG,3,-0.13679508864879608
CGGCGGGGGC,0,-0.5753423571586609
CCCGCGCCGG,3,-1.4654427766799927
CGGCCCCGCG,3,-0.7054315209388733
CGGGGGCCGC,0,-0.6390950679779053
GGGCCGGCCG,0,0.10429848730564117
CCGCGGGGCC,0,-1.0009074211120605
CCGGCGCCCG,0,-1.2030872106552124
CCCCCGAACC,3,-1.0129305124282837
GTTACCCGGG,3,-0.025129884481430054
CGGGCGGGCC,0,0.15723229944705963
GGAGGGGCCC,3,0.8819606900215149
CGGCGGGCCC,0,-0.565251350402832
CCCCGAGGGG,3,-1.8365488052368164
ACGCGGGGTT,4,-1.4124585390090942
CCGCGGGGGC,0,-1.128403663635254
CGGTGGGGCG,0,-0.6533218622207642
CGGCCGCCCG,3,-0.938754141330719
CGGCGGGGCC,0,-0.4365385174751282
GGCTGGCGGG,3,-0.406640887260437
GCCCGTTGGG,0,-0.7928087115287781
GGCTTTCGGG,0,0.24368466436862946
GCGTCGGGGG,0,-0.11705145239830017
GGGGGCGTGA,0,0.33303242921829224
AAGGGGGCTG,0,-0.8615789413452148
GGGTCGGGCG,0,0.381152868270874
GGCGGGGCTG,0,0.16107703745365143
GGGGGGGCAC,0,0.5882940888404846
TCCAGGGGGC,0,-0.6099153161048889
GTGGGGTCCG,3,-0.3123789429664612
ATGGTCCCGC,3,-0.49067819118499756
GGGGTCCGAC,3,1.183740496635437
GGCTCTACAA,3,0.2806816101074219
TCGATCCCGC,0,0.030650809407234192
CCCCCACATT,3,-1.3009222745895386
CCGGCCGGGG,3,-0.8340198993682861
TCCGGCGCGG,3,-0.8983175158500671
CCCCGGAGCC,0,-1.3089559078216553
CGGCGCGGGG,0,-0.867879331111908
GGGATCCCCG,0,0.5248071551322937
AATCCCCCAA,3,-0.7828963994979858
GCGGGCGCGC,0,0.09986960887908936
GAGGCCCGGG,0,0.2460053712129593
AGCCCCCGGA,0,-1.0190033912658691
TGGCGGCACT,0,-0.6464066505432129
ATCCCCCAAA,0,-1.194132685661316
GGGGCGTAAA,0,0.6319092512130737
GGGGCGCGGC,0,0.5363149642944336
TGACCCCGGA,0,0.12191985547542572
CCCAACCCGA,3,-0.9797071218490601
AGGCGCGGGA,0,-0.9747911095619202
GAACCCCGGT,0,0.38383471965789795
AGGTCCCGGA,0,-0.7271474003791809
CGCGGGGGAA,0,-0.42623502016067505
GCCCCCGGGA,0,-0.05751429498195648
GCGGGGTAAC,0,0.12571682035923004
GTCCGGGCCA,0,-0.336337149143219
GCCGGGAATG,0,-0.2975499629974365
GGGGGGCCGG,0,-0.3061874806880951
CGGCGCGGGA,0,-0.6329686045646667
CCACCCCTGC,3,-0.6529196500778198
GAATCCGGGC,0,0.9767891764640808
GGTCCCCGGA,0,0.3565199375152588
CGTTCCCCGG,3,-0.6118345856666565
TCCGGGCGCC,0,-0.6771064400672913
GAGGTCCCGG,0,0.49677979946136475
CCGAACCCGC,0,-0.6676647067070007
GCCGGGACCC,0,-0.24677887558937073
CCGGGCGGGC,0,-0.773944079875946
CCCGGCCGAA,3,-1.2177764177322388
GGCCCCGGAG,3,0.19340796768665314
CAGGGCCCGG,0,-1.0693565607070923
CCCGGAAGGC,0,-1.2686885595321655
CCCGGAAGGG,0,-1.648833990097046
CGGGGCCCGG,0,-0.9511376023292542
ATCCCGAGCG,0,-1.560157299041748
ACCCCCGGGG,3,-1.6552059650421143
GACCCCGGGG,3,0.05476704239845276
CCACAAATGA,3,-0.6587827205657959
CCGGGCTCCC,0,-0.8840271234512329
GGCCCCGGGA,0,0.3398440480232239
CCCGGAGGGC,0,-1.182341456413269
AATCCCCCCA,3,-0.84409099817276
CCGGGAAAGC,0,-1.0421404838562012
CGACCCCGGA,0,-0.24498194456100464
CGGCCCGGGG,0,-0.5679799914360046
CCGGGATCGA,0,-1.3300679922103882
AGCCCCGGGA,3,-0.8096500039100647
GGGGGCGCGC,3,0.43322211503982544
TCGGTCCCGG,0,-0.2528144121170044
ATCCCCGGGG,5,-1.50601065158844
CTCCCGGGGT,3,-1.0517816543579102
GAACCCCCGG,0,0.20225556194782257
GGGGTAACCC,0,0.851983368396759
CCCCGGGCCG,0,-1.7083451747894287
CCTTGGGCGC,0,-0.8969005942344666
CCTCCCGGGA,0,-0.7095233798027039
ACCCCGGGGG,0,-1.756705641746521
GCCAGTCCCG,3,-0.7330279350280762
CCCGGCGGGG,0,-1.3763939142227173
AGGGGAACAA,3,-1.0383952856063843
CCCCGGGGCC,0,-1.1853077411651611
TCCCCCGGGG,3,-0.7050566673278809
CCGGAGGGGA,3,-0.482740581035614
CCGGGGTAGC,3,-0.9618602395057678
CCGGGCGAAG,0,-1.0420361757278442
GCCCCCGGGG,0,-0.3048964738845825
GACGGGTCCC,0,0.08813796937465668
CCCGGGGGGA,0,-1.1989120244979858
CCCGGGCGGA,3,-1.4316715002059937
CCGGGGTCCC,0,-1.0159505605697632
CCCCGGGGGG,3,-1.6821190118789673
CCGGAATCCG,0,-1.0052053928375244
CCCGGGGCGA,0,-1.2969282865524292
CCCCGGGCGC,3,-1.3918145895004272
GTGATCCCGC,0,0.5919669270515442
CCGGGGGACC,0,-0.6880679726600647
CCCCGGGGAA,0,-1.2831814289093018
ACCCATCCCG,3,-1.661085605621338
CCCGGGGAAC,0,-0.8612549304962158
ATCCCGGGCC,3,-1.0501391887664795
CCCGGGGAGC,0,-1.0221705436706543
CCCGGGGACA,3,-1.0820649862289429
TTCCCACCAA,3,-0.6967664957046509
CCCGGGTGGT,3,-1.4716956615447998
CCCGGAGAAG,3,-1.483572244644165
GACCCCCGGG,0,-0.17551657557487488
ATCGCAGCGG,0,-1.536892294883728
CGGGGGTCCC,0,-0.45530837774276733
CCGTCCCGCC,0,-0.7503443360328674
CCCCTGGGGT,3,-0.8697453141212463
TGGGGTTCCG,3,-0.44810670614242554
CCGGGGCAGG,0,-1.4021141529083252
CCAGGGGTCC,3,-0.5241597890853882
CCGGGGCATA,3,-0.8965242505073547
CCGGGGCTCC,3,-1.037156581878662
GCGCAAGATG,3,0.11477814614772797
GTAGTCCCTA,0,1.0943838357925415
CCCGCGGGGT,3,-1.0360702276229858
CCCGGGGTTC,5,-0.7752900719642639
CCTGGGGAAA,3,-0.6965649127960205
CCCCCGGGCG,0,-1.2590771913528442
GCAAGAGCTT,3,0.11381779611110687
CCGCGGGGTA,0,-0.9506694674491882
CCCTGGGGCG,0,-1.4588557481765747
CCGCCGGGGA,0,-0.9694612622261047
CCCGGGGCAC,3,-0.9548792243003845
CTCCCCGGGG,5,-1.0866286754608154
CTGCCGGGCT,3,-0.8608750104904175
GGGGAACAAA,3,0.48403871059417725
GGGGAATCCG,0,0.12581424415111542
ATCTCCACAG,5,-1.387311339378357
AGTCACGACA,5,-0.16425877809524536
GCGAGAATTG,5,-0.37194129824638367
GCCTGGGCGC,3,-0.3134474456310272
CCGGGGGCAA,0,-0.9055137634277344
CCCCGGGGTC,3,-0.9828859567642212
AAAACACCCA,3,-0.8541505932807922
TAACAACGGG,0,-0.24835893511772156
ATAACCACCA,4,-0.7469910979270935
AAAACCACCA,3,-0.48931312561035156
CCCACCAAGT,0,-1.0060391426086426
ATAACACCCA,3,-1.110357403755188
CCACCACTAG,4,-1.2268720865249634
AACAACCCTA,3,-0.6017974019050598
ATCACCCCGT,3,-1.4424182176589966
CAAAACTCCA,3,0.004331424832344055
AAACAACCCA,3,-0.7548948526382446
AAAACCCCTA,3,-0.3768256902694702
ATCCCACCAG,3,-1.8239275217056274
ACCATCCCGT,3,-1.2019540071487427
AACCATCCCG,3,-1.229544997215271
AAAAACCCAT,4,-0.4788359999656677
CCCCAATATA,0,-0.8999517560005188
ATAACCCCCG,3,-1.160481572151184
CAACTATCCA,4,-0.1352689415216446
AACAACCCAT,4,-0.896417498588562
AAAATCCCCA,0,-0.16620682179927826
ACCCCAATAG,0,-1.869451642036438
AACCACCCTG,3,-0.9797696471214294
AACAACGCGT,3,-0.7613915205001831
TACCAACTGA,0,-0.4042623043060303
AAACAACGCG,0,-0.9591827392578125
TAACACCGTA,3,0.4314994812011719
AAAACCCCGT,0,-0.8110749125480652
ATCACCACCA,4,-1.1138427257537842
AATACCACCA,4,-0.6287279725074768
TATCACCGCG,0,-0.13144874572753906
TCCCAACGGA,0,-0.7419180274009705
ACCACCCTAG,3,-1.6123204231262207
ACCATCCCTA,4,-0.7751138210296631
ACCACCACGT,3,-1.4876680374145508
ACAACCCGTT,0,-0.9289081692695618
AAAAAAGCGA,5,-0.467748761177063
AAAAACCCCA,3,-0.4280868172645569
CCCACCAGTT,3,-0.7930742502212524
TAACCACGCG,0,-0.4140591621398926
ATATCTCCAT,0,-1.0293667316436768
ATAACCCCGT,0,-1.081174373626709
TAACCACGTA,3,0.011775210499763489
ATACCACCCG,0,-1.5024532079696655
AAAACCCTCA,3,-0.5480164289474487
AAAAAACGCA,3,-0.603712797164917
AACACTCCAT,4,-1.1637558937072754
CCCCACCATG,0,-0.9919471144676208
ATAAACCCAT,4,-0.7343065738677979
ATAATCCCCA,3,-0.4250960946083069
AACAACGCTA,4,-0.3432823419570923
ACCAACGAGT,0,-1.1035270690917969
CCACCAATCG,4,-1.1077712774276733
ATATCACCCA,4,-1.1121046543121338
ATACCACCAA,4,-1.1551487445831299
AATCCCACAT,3,-0.8035421371459961
ACCCCACTAG,3,-1.9920074939727783
CCCCACAAGT,3,-0.9797133207321167
TCCCACCCGA,3,-0.5850351452827454
AAACACCCCG,0,-0.8135371804237366
TCCCCACAGA,4,-0.8555598855018616
ATCAACCCAT,4,-1.110886573791504
AACAAGCCGT,3,-1.1406869888305664
AAACCACCAA,3,-0.8976931571960449
AAAAGACCCA,3,-1.154799461364746
AAAACCCCCG,0,-0.8897116184234619
AAACCCCTCG,0,-0.921058177947998
ATCACCCCTA,3,-1.0034981966018677
ATACCACATT,3,-1.0757930278778076
ACAAAAGCCT,4,-0.9089014530181885
AACCCCACGT,0,-1.2030636072158813
AAACCACCCG,3,-1.2400259971618652
CAACCCTATA,4,-0.05974898487329483
AAAAGCACCA,0,-0.7790165543556213
CCCATCTCGT,0,-0.7162898778915405
TATCACCGGC,0,0.16779212653636932
AAGATCCCAT,4,-0.46488291025161743
AAGAACCCAT,4,-0.7323650121688843
ATCCCATTTT,3,-1.4045885801315308
ACCAATGCGT,4,-1.2362051010131836
AAAGATCCCA,3,-0.32162946462631226
CACCACTCTA,4,-0.32126379013061523
ATAACCCCTA,3,-0.6390699744224548
CCACCACGTT,3,-0.9318246245384216
AACCCCAAGT,3,-1.0790369510650635
CCATCCCGTT,3,-0.6013227701187134
ATCACACCAT,3,-1.5372201204299927
CACCACTCGT,3,-0.7069538235664368
ATCCCAACAT,0,-1.5420860052108765
CCCATCTCTA,3,-0.3265100121498108
AAAAAACCCA,3,-0.6425807476043701
CCCAACTAGT,3,-0.870354175567627
AAACCATCCA,4,-0.8473188281059265
ACCACCACTA,4,-1.0774509906768799
ACCATAGCGT,3,-1.1807849407196045
ACTATCCCAA,3,-0.6378301978111267
ACCCAACTAG,3,-1.7867820262908936
ATACCACGAG,0,-1.4197828769683838
AAAAAAGCCT,4,-0.5300312638282776
AACATCGCGT,3,-0.5292148590087891
CCCAAAGAGT,3,-0.9933269023895264
TAACCATGGG,3,-0.34287941455841064
ACCCCTATAT,3,-1.591029405593872
CAAACCTCTA,0,0.03548687696456909
ATCCCCACGT,3,-1.4423789978027344
AAATCACCCA,4,-0.8575520515441895
CCCCAATAGT,0,-1.2364081144332886
AAAACCACCT,4,-0.6305861473083496
CCACCACTCG,3,-1.2462940216064453
CCCCAATATG,0,-1.1397217512130737
CCCCCCAGGC,3,-0.9090639352798462
CCCCCCCGGC,0,-1.0965936183929443
CCCCCCGGGC,0,-0.850633978843689
CCCCCCCTGC,3,-1.0258705615997314
CCCCCCCGCT,3,-1.296688437461853
CCCCCAGGGC,0,-1.094894289970398
CCCCCCGGCT,3,-1.0453572273254395
CCCCCCTGGC,3,-0.9445215463638306
CCCCCGAGGC,3,-1.1095417737960815
CCCCCCGTGC,3,-0.829588770866394
CCCCCCGGTC,3,-0.5196217894554138
CCCCCAGGCT,3,-1.3057304620742798
CCCCCCGGGG,0,-1.2525408267974854
TCCCCCCGTT,3,-0.5663824081420898
CCCCCCCGTC,3,-0.7822890281677246
CCCCCCGGAC,3,-0.6833939552307129
CCCCCTAGGC,3,-1.007250189781189
CCCCCAGGGG,0,-1.5013970136642456
GCCCCCCGGC,3,-0.16607321798801422
CCCCCCGTCT,3,-1.0590840578079224
CCCCCCCCGC,3,-1.1287521123886108
CCCCCCCTCT,3,-1.2434815168380737
CCCCCGGGGC,3,-1.002953290939331
CCCCCGGGAC,0,-0.8254543542861938
CCCCCCAGCT,3,-1.1126066446304321
TCCCCCCTTT,3,-0.5459595918655396
CCCCCGGGCT,0,-1.1989243030548096
CCCCCCGGGA,0,-0.9978958964347839
CCCCCATGGC,3,-1.1991161108016968
CCCCCCTGCT,3,-1.1799200773239136
TCCCCCATTT,3,-0.4516777992248535
CCCCCCGGGT,0,-1.1376018524169922
CCCCCGAGCT,3,-1.3089756965637207
CCCCCGGACT,3,-1.187748908996582
CCCCCCGCTT,3,-0.8736492395401001
CCCCCCTGAC,3,-0.8078210353851318
GCCCCCCTGC,3,-0.1176484227180481
CCCCCCATGC,3,-0.8915695548057556
CCCCCTGGGC,0,-0.9465721249580383
CCCCCCTGGG,0,-1.3218122720718384
CCCCCCTAGC,3,-0.8955761194229126
GCCCCCCCGC,3,-0.21284332871437073
CCCCCCGTGG,0,-1.2384380102157593
CCCCCCTGGA,3,-1.0790656805038452
CCCCCGGGGG,0,-1.36728835105896
CCCCCGGTCT,3,-1.2404882907867432
CCCCCTGGCT,0,-1.1736847162246704
CCCCCGTGGC,3,-1.1430332660675049
CCCCCGCGGC,0,-1.2389346361160278
CCCCCGGTGC,3,-1.0132761001586914
CCCCCGGGTC,3,-0.672240674495697
CCCCCTGGAC,3,-0.7854131460189819
CCCCCTCGGC,3,-1.168922781944275
CCCCCGAGTC,3,-0.7902402877807617
CCCCCGGCTT,3,-1.0372040271759033
CCCCCGCGCT,3,-1.4496525526046753
TCCCCCGATT,3,-0.31369683146476746
CCCCCGGGAG,0,-1.2698549032211304
GCCCCCGGGC,3,0.08430099487304688
TCCCCCGAAT,3,-0.45115476846694946
CCCCCCCCTT,3,-1.1137301921844482
CCCCCTAGCT,3,-1.2464230060577393
CCCCAAGGCT,0,-1.1207538843154907
CCCCCCGAGC,4,-0.8005422353744507
CCCCAGGGAC,3,-0.6228291392326355
CCCCCGGGGA,0,-1.1306267976760864
CCCCCCTTGC,3,-0.9156846404075623
CCCCCCCGGT,3,-1.3642562627792358
CCCCCATGCT,3,-1.4514882564544678
CCCCCGGGGT,3,-1.267727255821228
CCCCCTGGGG,3,-1.3223352432250977
CCCCCCGACT,3,-1.0204190015792847
CCCCCAGGGA,0,-1.2531150579452515
TCCCCCCTTC,4,-0.23588302731513977
CCCCCGTGCT,3,-1.3742491006851196
CCCCCCGGAG,3,-1.158246397972107
CCCCCCTGTC,3,-0.6690932512283325
CCCCAGGGCT,0,-1.000546932220459
CCCCCCGAGG,0,-1.2263731956481934
CCCCCCCGAC,3,-0.9309004545211792
CGCCCCCGGC,3,-0.561779260635376
CCCCCTGTGC,0,-0.9513785243034363
TCCCCCGAAA,0,-0.31178462505340576
CCCCCTAGGG,0,-1.3603094816207886
CCCCCGTGAC,3,-0.9969582557678223
CCCCCGAGGG,0,-1.4654616117477417
CCCCAGGGGC,3,-0.7879496812820435
CCCCCCGTGA,0,-0.9806673526763916
CCCCCTGGTC,0,-0.6524495482444763
CCCCGAGGGC,0,-1.4264029264450073
CCCCCCAGTC,3,-0.5955960750579834
TCCCCCGTTT,4,-0.35321658849716187
CCCCCGGAGG,3,-1.3616690635681152
GCCCCCTGGC,3,-0.02463361620903015
TGCCCCCGTG,3,-0.2434385120868683
CCCCCGTGGA,0,-1.2612757682800293
CCCCGAGGCT,0,-1.6352715492248535
CCCCCGGTGG,3,-1.3947887420654297
CCCCCGACTT,0,-1.1973886489868164
CCCCGCGGGC,3,-1.2213767766952515
CCCCCGTGGG,0,-1.4883413314819336
GGCCCCCCGC,3,0.16361375153064728
CCCCCTATGC,3,-1.0165337324142456
GCCCCCGTGC,3,0.08866778016090393
ACCCCCCCGC,3,-1.5120993852615356
CCCCAGGCTT,0,-0.8354254961013794
CCCCCGTGTC,3,-0.8564276099205017
CCCCCGGAGT,3,-1.2331199645996094
CCCCCGGGTT,3,-0.9736263155937195
AGCCCCCGGC,3,-0.8889551758766174
ATCCCCCCGC,3,-1.327465534210205
CCCCCGTCTT,0,-1.2137941122055054
CCCCGGAGAC,3,-1.2544610500335693
CCCCAGGGGG,3,-1.152673602104187
CCCCCTGCTT,3,-0.9966493248939514
CCCCCGCTTT,3,-1.2165688276290894
GCCCCCGGCT,3,-0.11522260308265686
CCCCAGGGAG,0,-1.064696192741394
GTCCCCCGTT,3,-0.02395082265138626
CCCCCCCCCT,3,-1.3174521923065186
CTCCCCCGGC,3,-0.8921421766281128
GGGGACGAAA,0,1.0179773569107056
GGGACGGAAA,3,0.7272830605506897
GGGACGTACG,3,0.2218005508184433
GGGGACGTAA,3,0.9660822749137878
GGGGGACAAA,0,0.07556863129138947
TGGGCGGCCC,0,0.3822956085205078
GGGGGACTAA,0,-0.0068482905626297
GGGGACCAAA,0,0.7902735471725464
CGGGACGTAA,0,0.22477765381336212
GGGGGTACAA,3,0.26766467094421387
GGGGAACTAA,0,0.42373740673065186
TGGACGGTCC,0,0.27436214685440063
CTGGACGGAA,3,-0.07669210433959961
GGGACCGGAA,0,0.8132438659667969
GGGTACGTCG,0,0.508076012134552
TGGACCGTCC,0,0.4039021134376526
GGGTCGGCCG,3,0.22062818706035614
CGGGACGAAA,0,0.2814632058143616
GGGGACGAAT,0,0.8423864245414734
GGGGGAACAA,0,-0.027682043612003326
GGGACCGTAA,3,0.7536312341690063
GGACCGGACG,3,0.5721584558486938
GGACGGGACG,0,0.31642335653305054
GGGCGGAACG,3,-0.21039336919784546
GGGTCCGCCG,3,0.326318621635437
GGGGCTGAAA,3,0.836862325668335
GGGGACGGAA,0,1.0305160284042358
GGGACTCGAA,0,0.4937509298324585
GGGGTACGAA,0,0.7980704307556152
GGGACGTACA,3,0.4732169508934021
GGGACGGGAA,3,0.7338377237319946
GGGGGACAAT,0,-0.13048383593559265
GGACCGGAAA,0,0.8676839470863342
GGGGGGACAA,0,0.21156780421733856
GGACCGGACA,3,0.8182492852210999
GGGGACTACC,0,0.9525641798973083
GGGGTCGAAA,4,1.2844793796539307
CGGGGACAAA,0,-0.6190961003303528
CGGACCGGAA,0,0.00464978814125061
CGGGGACTAA,0,-0.7091454863548279
GGGACCTACG,3,0.3531877398490906
TGGGCCGCCC,0,0.49834132194519043
GGGGCGGAAA,0,0.8332874774932861
GGGACCGAAA,3,0.8113278150558472
GGGGGAAATT,0,-0.07579285651445389
GGGACGGACG,3,0.4347459077835083
GGGGGCAAAA,0,0.424632728099823
GGGGGACGAA,0,0.058816879987716675
GGGACGTACC,3,0.6223214864730835
GGGGCGAAAT,3,0.4883544445037842
TTGGGCGTCC,0,-0.035738810896873474
GGGGGAATTT,1,-0.04036926478147507
GGGCACGAAA,0,0.7849997282028198
GGTACGGCGG,0,0.3111652731895447
GGGGTACACC,3,0.9080105423927307
TTGGCGGTCC,0,0.1181720644235611
TGGGGGGCCC,3,0.11566804349422455
GGGGACCTAA,3,0.7216891050338745
GGGGACGACG,0,0.7263727784156799
GGGGGGAATT,0,0.21610860526561737
GGGACCTGAA,3,0.6548742055892944
GGGGCTAAAA,3,0.7080398797988892
GGGACAGGAA,4,0.5579537749290466
GGTTCGGCGG,0,0.25278180837631226
GGGCACGTAA,3,0.7171262502670288
GGTCGGACGG,0,-0.29269248247146606
TGGCCGGCCC,0,0.07599747180938721
GGGGGGAACG,0,0.022925376892089844
GGACGGGACA,0,0.5665705800056458
TGGGACGTCC,0,0.6739768981933594
GGGACGTGAA,0,0.5351927280426025
GGGCCGAACG,0,0.06938667595386505
GGGGACACCT,0,0.494972288608551
GGGCCTGAAA,0,0.5322579145431519
GGGGACTACA,0,0.7959081530570984
GGGGGTACTG,0,0.09222730994224548
TGGACGGCGG,0,-0.22844047844409943
GTGGGCGTCG,0,-0.011164575815200806
TGGGCGGCGA,0,0.14468131959438324
GGGGCCGAAA,3,0.9193469882011414
GGGACGGACA,0,0.6974820494651794
TTGGGGGTCC,3,-0.10981102287769318
CGGGACGGAA,0,0.28058528900146484
GGGGCGAAAA,0,0.6590451002120972
GGGGGAAAAA,0,0.07107144594192505
GGGCGGAAAT,3,-0.07105426490306854
TTGGCCGTCC,0,0.2645421028137207
GGGGCACTAA,0,0.3587825894355774
GGGGCGAACG,5,0.3627305030822754
GGACGGGAAT,4,0.4624359607696533
TGGGGCGCCC,0,0.17638380825519562
GGGCGGACAA,0,-0.037455424666404724
TTGGGGGCCC,3,-0.14433471858501434
TTGGGGTACC,0,-0.2309865951538086
GGGGGCGAAA,0,0.5728850960731506
GGGCGTGAAA,0,0.25985246896743774
GGACGTGGAA,4,0.6025273203849792
TGGTCGGTCC,0,0.19340060651302338
GGGGCGTAAT,0,0.4716847538948059
GGTACGGTCG,0,0.4241463541984558
GGGTCCGTCG,3,0.37673264741897583
GGGGACCTTT,0,0.664781391620636
GGGACGAACG,3,0.2381710261106491
GGGACGTAAA,3,0.5224870443344116
GGGGGAAAAT,0,-0.1613108068704605
CCTCTATGCA,2,-0.5847358703613281
GAAGTTCATG,2,1.0269765853881836
GAAGTGTAAT,2,1.0518784523010254
CTATGCATGA,2,-0.6600194573402405
GGGAAACGTT,2,0.3240218758583069
ATTAAGGCCG,2,-0.8828780055046082
CTCCCTTACG,2,-1.154834508895874
AAGGGAATAA,2,-1.0268007516860962
GCATTTGGGT,2,0.6065642833709717
TTTCGTCTCC,2,-0.4749075770378113
GGGCGAACAT,2,-0.3587327003479004
TAAGGTGAAA,2,0.29229068756103516
ACGGGCGAGG,2,-1.467879295349121
AGTGCCGATC,2,0.31640470027923584
GTGTCCTGGA,2,0.21386556327342987
CGTTAAATAC,2,0.016644328832626343
AGTTTCCCCA,2,-0.15507201850414276
CCAAGACCGT,2,-1.4032045602798462
GTACCTGGAG,2,0.24218620359897614
TCGTTCAAGG,2,-0.13544464111328125
TCTCGGGTTA,2,-0.3625127673149109
AATACATGGC,2,-0.7264755964279175
AACATGGCTC,2,-0.08123619854450226
TGCATGGCCT,2,0.19066999852657318
TTAGCATTGG,2,-0.34174230694770813
CGGATAAAGC,2,0.13716255128383636
GCCCGTTTCG,2,-0.799566924571991
GGTGTTTCGC,2,1.069138765335083
TGCAGCGAAT,2,-0.2004719376564026
GTCCATTTAT,2,-0.06414613872766495
GGAATCGACA,2,1.48143470287323
ACCTTTATGA,2,-1.0443766117095947
CAACCTGCAG,2,-0.4951145052909851
TCCTATCGGG,2,-0.7725061774253845
GATTTCAAGG,2,0.6615196466445923
CTGTCTGGAC,2,-0.3664165139198303
GGGTGGGGTA,2,0.5193426012992859
GACGAGGAAC,2,0.9856501221656799
GATTATACCC,2,0.6864075064659119
TACTGTCTCC,2,-0.5427672863006592
AACGTTCTGT,2,-0.7156119346618652
AATGCACGAG,2,-1.0479034185409546
CTACGAGATG,2,-0.8576080799102783
TTAGCGAAGA,2,0.0639028549194336
GGGGTGCAGT,2,0.6800314784049988
TGTCGACGGG,2,-0.7630360126495361
ATGCGCTCAT,2,-1.493890643119812
ACGGTCCGAT,2,-0.7636173963546753
GGACTCGATC,2,1.6563630104064941
AGATTAACCT,2,-0.27934467792510986
GAAGTGATAT,2,1.0502824783325195
AGTCCATTTA,2,-0.5625826120376587
TGAGTCACGC,2,0.9532082676887512
GACTGTGGTA,2,0.24287576973438263
CGTTTTGGCA,2,0.2601358890533447
TGTTCAAGGA,2,-0.040197208523750305
AATACAGCTG,2,-0.783810555934906
TCTAAAACGT,2,-0.38442546129226685
CATGTGGGTC,2,0.6018523573875427
GACTAGGTAG,2,0.24715931713581085
GGTATTGCAA,2,1.1397544145584106
CCCCGTTGTT,2,-1.4372707605361938
GACGGAAGCC,2,0.17661018669605255
TGACCGACCC,2,0.2037120908498764
CACAGACCCG,2,-1.5170214176177979
GACGTGCGAG,2,0.4758577346801758
ATCCGGGGGA,2,-1.6414517164230347
CTCGCAGAAC,2,-0.485378623008728
AATGACGTAC,2,0.030490025877952576
GAGGAGAAGA,2,0.5441911220550537
TGCAAGATGT,2,-0.11180726438760757
AACGGAGATT,2,-1.044001817703247
GTAGCGAGTT,2,0.6735601425170898
CGAGAATTCG,2,-0.13736169040203094
ATGCGATGCA,2,-1.547182321548462
TCAGAACTGA,2,-0.1469026803970337
AACGAACCGT,2,-1.1376838684082031
ATGGAAGAGA,2,-0.8656262159347534
AACGGGTGCA,2,-1.1533926725387573
ACCGGAGATG,2,-1.6044244766235352
CCAAGAATAG,2,-1.2335970401763916
GGAGAACTTA,2,0.8443737626075745
GAATGACGTA,2,0.29900646209716797
CCAACGAGAA,2,-0.5953802466392517
TCGACGATCA,2,-0.443886935710907
ACGGGTTTCG,2,-1.5722559690475464
CCGACACCGT,2,-1.3376054763793945
CAGTCCAATC,2,0.019963622093200684
CCAGTCCAAT,2,-0.14085763692855835
GTGAGTCCAC,2,0.048933401703834534
CCACTTCCAC,2,-0.22045795619487762
CATCCATGAG,2,-0.8626459240913391
ATATCCACCA,2,-0.7432788610458374
CTCCCAATAA,2,-1.0045291185379028
GAATCCTCAA,2,0.7592812776565552
GACATCGACA,2,0.9242164492607117
TGGTCAACCA,2,-0.22633187472820282
GGCATACACA,2,0.5505183339118958
TCTATCACAG,2,-0.017035529017448425
ATCATCACTA,2,-0.442028284072876
TATCACGAAG,2,0.14053402841091156
AAGGATCACT,2,-0.6595934629440308
AGACCGAAAT,2,-0.5533260703086853
CCAGGATGAC,2,-0.6901536583900452
TCCAGACCGT,2,-1.3258434534072876
ACAGAAAACC,2,-0.5474339723587036
CGAGAGAAAA,2,0.3623860478401184
AGAATGACGC,2,0.1104392260313034
AAAACCTCAG,2,-0.6980038285255432
GATGAAAACC,2,0.8008358478546143
TCAGTCCGAC,2,0.5583198070526123
GGGCGGGGTC,2,0.5290682315826416
CTGGGGGCGG,2,-1.1292954683303833
TAGGGAGGGG,2,-0.48821568489074707
GGTAGGGCGT,2,0.14982007443904877
CTAGGGGGGC,2,-0.3889002799987793
GGGGGCGCCG,2,0.12670506536960602
GGGGGAAAAG,2,-0.2930452227592468
GGGTCGCGGG,2,0.02398456633090973
GGGACTGGAA,2,0.7335001230239868
GGACCGGAAA,2,0.8676839470863342
GGGACCAGAA,2,0.6872466802597046
GGGACAGGAA,2,0.5579537749290466
TGGCCGGCCC,2,0.07599747180938721
GGGGGGAAAA,2,0.32429367303848267
GGTACGGTCG,2,0.4241463541984558
GAAACCAAAA,2,0.894632875919342
AATCAACCAA,2,-0.8102093935012817
ACGACACCTT,2,-1.3963680267333984
ATATTACCCA,2,-0.6885997653007507
AAAAGGACTA,2,-0.6826760768890381
AGTTACCTTC,2,0.0054671019315719604
GACTGGGAAC,2,0.3086485266685486
TCCCGGGTCG,2,-1.1172964572906494
GGGACCAGAC,2,0.8575978875160217
GCTCCGGGTT,2,0.22828762233257294
