Sequence Generated,Value Generated,Sequence Encoded/Decoded,Value Encoded,Ratio
TATTGTTCAT,0.01952386614448831,TATTGTTCAT,-0.4482738971710205,1.0
TTCGATGATG,-0.08170419988415961,TTCGATGATG,0.05495573580265045,1.0
TTTGCGCGCA,7.276734321753908e-05,TTTGCGCGCA,-0.12556244432926178,1.0
TAGACGGTAA,-0.14293434132832838,TAGACGGTAA,0.07691635191440582,1.0
CGTACGACCC,-0.1169860538586932,CGTACGACCC,-0.16519485414028168,1.0
TTAACTTGAA,0.22836356089732468,TTAACTTGAA,-0.026673749089241028,1.0
TCGACCTTCC,0.30877579205857175,TCGACCCTCC,-0.14354237914085388,0.9
TTTACTAACC,-0.11972901339675324,TTTACTAACC,0.07020978629589081,1.0
GAGTCGAGCA,0.057607525900675194,GAGTCGAGCA,0.4340243935585022,1.0
TAACGGCTCA,-0.14902016336779844,TAACGGCTCA,-0.39443498849868774,1.0
TGTTCCCGGC,-0.15455242124771318,TGTTCCCGGC,0.15249450504779816,1.0
TATTCTATAG,-0.12020464219201649,TATTCTATAG,-0.2617698609828949,1.0
TGTTTTATAA,0.5248325848805654,TGTTTCATAA,0.5042335391044617,0.9
CATAAGATCC,-0.029732477242546018,CATAAGATCC,-0.09473558515310287,1.0
CGGGATGACC,0.20790535292806922,CGGGATGACC,0.3901791572570801,1.0
CAAACCTTCC,-0.06872930607875732,CAAACCTTCC,-0.010908767580986023,1.0
TTAGATTCCC,0.5876800309763431,TTAGATTCCC,0.3738142251968384,1.0
TACACGAGAA,-0.12082642548210754,TACACGAGAA,-0.18993252515792847,1.0
TTAATAATCT,-0.039230186769797615,TTAATAATCT,0.07830233871936798,1.0
GGTCCGTCAT,0.19617334944021736,GGTCCGTCAT,0.21277330815792084,1.0
TGATCCCGAG,-0.004526722366421543,TGATCCCGAG,0.05151033401489258,1.0
TAGCCCGTAT,0.0004911735083226731,TAGCCCGTAT,-0.06384061276912689,1.0
TACTGCCTCA,-0.12897880566334496,TACTGCCTCA,-0.579433023929596,1.0
TGTATCCTAA,0.4765492385243164,TGTATCCTAA,0.5673596262931824,1.0
GATACCATCA,0.5066977886774817,GATACCATCA,0.5692505240440369,1.0
CGGATCATAA,-0.048102472018717146,CGGATCATAA,0.2787076234817505,1.0
GGCGCCGTCA,0.6177143159745185,GGCGCCGTCA,0.6615694165229797,1.0
TATCCCTTAA,-0.17418073908714865,TATCCCTTAA,0.07137799263000488,1.0
GAAAGTTCAC,0.3996898767106545,GAAAGTTCAC,0.6029040217399597,1.0
GACGCCATCC,0.45050127234438053,GACGCCAACC,0.630127489566803,0.9
GGCAGCGGCG,0.2817410112779499,GGCAGCGGCG,0.09304104745388031,1.0
GGCCGGATAA,0.1673625057121536,GGCCGGAAAA,-0.10622839629650116,0.9
TATCCCCTAA,0.046109737027806075,TATCCCCTAA,0.001430794596672058,1.0
TATCCCATCT,0.06781185028369019,TATCCCATCT,-0.10808917880058289,1.0
GACAGGATGA,0.2532057127843965,GACAGGATGA,-0.10329581797122955,1.0
TCGACCGGGG,-0.07509233407797633,TCGACCGGGG,-0.4485747814178467,1.0
GGGGCCCTAA,0.4803377552821766,GGGGCCCTAA,0.6460776925086975,1.0
CTTCTAGTAA,-0.11744818327330536,CTTCTAGTAA,-0.21704179048538208,1.0
GATACCACCT,0.5517668195477751,GATACCACCT,0.36476683616638184,1.0
CATTCCAAAA,-0.05295507328846377,CATTCCAAAA,-0.21925821900367737,1.0
TAGACGATCA,0.21182294214152375,TAGACGATCA,-0.12163133174180984,1.0
TATACGAGCA,0.24060587892490792,TATACGAGCA,-0.007063537836074829,1.0
GGGCCCTCCT,0.07253609694450591,GGGCCCTCCT,0.16701309382915497,1.0
TGGAACACCT,0.17614827677970402,TGGAACACCT,0.05604296922683716,1.0
GATTGAAAAC,-0.02710314729945207,GATTCAAAAC,0.2780650854110718,0.9
TTATAAGCCA,-0.13597703611263856,TTATAAGCCA,0.04984933137893677,1.0
GTGGCCAGCA,0.3179897687742532,GTGGCCAGCA,0.5205430388450623,1.0
GATCCTATAG,-0.1333522312857614,GATCCTTTAG,0.1177256852388382,0.9
TACATTATAG,0.1007143029108658,TACATTATAG,-0.04570817947387695,1.0
CGTCTCAGCA,-0.13287737893054408,CGTCTCAGGA,0.251878559589386,0.9
TACACGAGAC,0.024279934975708017,TACACGAGAC,-0.041501373052597046,1.0
GTGTCTGTAT,0.06222448496677502,GTGTCTGTAT,0.12471626698970795,1.0
TATACGTTCA,0.18323940023151375,TATACGTTCA,-0.09896296262741089,1.0
GATTCAATAC,0.1827865156735078,GATTCAATAC,0.4328279495239258,1.0
TAGTCTACCC,-0.151076197864216,TAGTCTACCC,-0.004236847162246704,1.0
GTGTCCTGAC,0.14617965515067577,GTGTCCTGAC,0.47720783948898315,1.0
GATACTCTCA,0.4528975708522365,GATACTCTCA,0.32325226068496704,1.0
GAGAGAATAA,0.15654826979912673,GAGAGAACAA,-0.051337480545043945,0.9
GAGACAGTCT,0.12240958373325916,GAGACAGTCT,0.22407923638820648,1.0
TAGACCATTA,-0.09848498869602551,TAGACCATTA,0.24549095332622528,1.0
TTTACTATAC,0.18601383462016863,TTTACTATAC,0.06229680776596069,1.0
CATCCGTTAA,-0.1390484958612988,CATCCGTTAA,-0.543224036693573,1.0
TGGTCTAGAA,0.14986967104557425,TGGTCTAGAA,0.07632271945476532,1.0
TTTGCTATAT,-0.055737396465204425,TTAGCTATAT,-0.09436842799186707,0.9
TACACAAGCT,-0.16657958319010543,TACACAAGCT,-0.4858763813972473,1.0
GGCAGGTGCC,0.4093890481733563,GGCAGGTGCC,0.22309838235378265,1.0
TGTCCGATCA,0.03735441274508189,TGTCCGATCA,-0.03361086547374725,1.0
GTGACTCACC,0.4829681286252572,GTGACTCACC,0.29860007762908936,1.0
GATCCCTGAG,-0.15051535651803893,GATCCCTGAG,0.25472772121429443,1.0
TAGACAACCC,0.08413387348143914,TAGACAACCC,-0.11287829279899597,1.0
TTTCGCGTCC,-0.02470353039094264,TTTCGCGTCC,-0.1587754338979721,1.0
CACAATACCC,-0.08268146653172664,CACAAGGCCC,-0.31488490104675293,0.8
GATACCCGCT,0.2981141168814815,GATACCCGCT,0.29430991411209106,1.0
GTTTCCTAAT,0.03792453767281473,GTTTCCTAAT,0.25897854566574097,1.0
TTATCTTTCA,0.13625652282793776,TTATCTTTCA,-0.17300446331501007,1.0
GGCCCGTGGA,0.6077204989606105,GGCCCGCGGA,0.07826313376426697,0.9
CTTGAGCACC,-0.029100029003815198,CTTGAGCACC,-0.16344651579856873,1.0
CATACCCCAA,-0.06250124251243555,CATACCCCAA,-0.37778908014297485,1.0
TATTGTATAA,0.07295391594715994,TATTGTATAA,-0.21282732486724854,1.0
TAATCTTCCG,0.022249902859442117,TAATCTTCCG,-0.22564271092414856,1.0
TGGACCATCA,0.18028472011225072,TGGACCATCA,0.1364394575357437,1.0
GTTACCCTCT,-0.04467030057313759,GTTACCCTCT,0.10486330091953278,1.0
TTAGTTTGCG,-0.10347919003656303,TTAGTTTGCG,0.23312141001224518,1.0
TGGTCTGCAA,0.015186870028835842,TGGTCTGCAA,0.10391974449157715,1.0
CATATCATAA,0.20094177433778215,CATATCATAA,0.15645183622837067,1.0
TGTATCCCAA,0.37042595160394975,TGTATCCCAA,0.5588130950927734,1.0
TGGCCTTCAC,-0.045674492395553046,TGGCCTTCAC,0.007662683725357056,1.0
GACGGCCGCA,0.3408671237506017,GACGGCCGCA,0.05337294936180115,1.0
CAAGTCCTCT,0.11656717328970656,CAAGTCCTCT,0.07516917586326599,1.0
GGGACCATAG,-0.03495181912649348,GGGACCATAG,0.3171250820159912,1.0
CAGAACCAAC,-0.1170457338483828,CAGAACCAAC,-0.04938119649887085,1.0
GAGTGCGGAA,0.5217644291552249,GAGTGCGGAA,0.4299222230911255,1.0
GATAGCATAC,0.679423260827445,GATAGCATAC,0.4584731459617615,1.0
GCTACCCTAT,0.06748865836550905,GCTACCCTAT,0.07265707850456238,1.0
GGGCGAGGGA,0.6150028270097819,GGGCGAGGGT,-0.09811998903751373,0.9
TATTCCATAT,0.37965599421810914,TATTCCATAT,-0.011416912078857422,1.0
GTAGATGCGA,0.4639539763483155,GTAGATGCGA,0.7773966193199158,1.0
GAAACCAGCT,0.582624080117513,GAAACCAGCT,0.7067564725875854,1.0
TCCGAGGCAT,0.009006024779647737,TCCGAGGCAA,-0.22385483980178833,0.9
GGGTCCGAAA,0.8495242867884077,GGGTCCGAAA,0.7400779724121094,1.0
